O_F,Pc,T_c,rho_c,Cp_c,gamma_c,a_c,mu_c,k_c,Pr_c,Cstar,CF,Isp
1,96526.64,1351.17,0.13393,2435.5,1.2997,967.9,7.0875e-05,0.53615,0.322,1275.2,0.7038,897.4
1,241316.6,1361.79,0.33333,2627,1.2887,965.9,7.1101e-05,0.55211,0.3383,1284.2,0.6971,895.2
1,386106.56,1370.81,0.53135,2780.7,1.2811,964.9,7.1288e-05,0.5651,0.3508,1290.1,0.6939,895.1
1,530896.52,1378.69,0.72828,2908.4,1.2755,964.3,7.1449e-05,0.57602,0.3608,1294.5,0.6918,895.6
1,675686.48,1385.72,0.92431,3017.3,1.2711,963.9,7.159e-05,0.58541,0.369,1298,0.6904,896.2
1,820476.44,1392.09,1.1196,3111.8,1.2675,963.8,7.1715e-05,0.59364,0.3759,1300.9,0.6894,896.8
1,965266.4,1397.91,1.3142,3195.1,1.2645,963.7,7.1829e-05,0.60094,0.3819,1303.4,0.6886,897.5
1,1110056.36,1403.29,1.5082,3269.2,1.262,963.8,7.1932e-05,0.6075,0.3871,1305.6,0.6879,898.2
1,1254846.32,1408.3,1.7017,3335.9,1.2599,963.9,7.2027e-05,0.61343,0.3917,1307.6,0.6874,898.8
1,1399636.28,1412.98,1.8948,3396.3,1.258,964,7.2114e-05,0.61884,0.3958,1309.3,0.6869,899.4
1,1544426.24,1417.38,2.0874,3451.5,1.2563,964.1,7.2196e-05,0.62381,0.3995,1311,0.6865,900
1,1689216.2,1421.54,2.2796,3502,1.2548,964.3,7.2273e-05,0.6284,0.4028,1312.4,0.6862,900.6
1,1834006.16,1425.48,2.4715,3548.7,1.2535,964.5,7.2345e-05,0.63265,0.4058,1313.8,0.6859,901.1
1,1978796.12,1429.23,2.663,3591.9,1.2523,964.6,7.2412e-05,0.63661,0.4086,1315.1,0.6856,901.6
1,2123586.08,1432.81,2.8542,3632.1,1.2512,964.8,7.2476e-05,0.64031,0.4111,1316.2,0.6854,902.1
1,2268376.04,1436.23,3.0452,3669.5,1.2502,965,7.2537e-05,0.64378,0.4135,1317.4,0.6851,902.6
1,2413166,1439.51,3.2358,3704.6,1.2492,965.2,7.2595e-05,0.64705,0.4156,1318.4,0.6849,903
1,2557955.96,1442.66,3.4262,3737.6,1.2484,965.4,7.2651e-05,0.65013,0.4177,1319.4,0.6848,903.5
1,2702745.92,1445.69,3.6164,3768.5,1.2476,965.6,7.2704e-05,0.65304,0.4196,1320.3,0.6846,903.9
1,2847535.88,1448.61,3.8063,3797.8,1.2468,965.8,7.2754e-05,0.6558,0.4213,1321.2,0.6844,904.3
1,2992325.84,1451.43,3.996,3825.4,1.2461,966,7.2803e-05,0.65841,0.423,1322.1,0.6843,904.7
1,3137115.8,1454.16,4.1855,3851.6,1.2454,966.2,7.2849e-05,0.66091,0.4245,1322.9,0.6842,905
1,3281905.76,1456.8,4.3748,3876.4,1.2448,966.4,7.2894e-05,0.66328,0.426,1323.6,0.684,905.4
1,3426695.72,1459.36,4.5639,3900,1.2442,966.5,7.2938e-05,0.66554,0.4274,1324.4,0.6839,905.8
1,3571485.68,1461.84,4.7529,3922.5,1.2437,966.7,7.298e-05,0.66771,0.4287,1325.1,0.6838,906.1
1.25,96526.64,1422.78,0.13132,2222.1,1.3119,982,7.1346e-05,0.49182,0.3223,1281.2,0.7113,911.3
1.25,241316.6,1429.15,0.32749,2319.7,1.3052,980.7,7.1477e-05,0.49997,0.3316,1287.4,0.7056,908.4
1.25,386106.56,1434.92,0.52283,2404.9,1.2998,979.7,7.1594e-05,0.50723,0.3394,1291.9,0.7022,907.2
1.25,530896.52,1440.21,0.71744,2480.6,1.2953,979,7.17e-05,0.51374,0.3462,1295.5,0.6999,906.8
1.25,675686.48,1445.11,0.91143,2548.6,1.2915,978.5,7.1797e-05,0.51964,0.3521,1298.4,0.6983,906.6
1.25,820476.44,1449.68,1.1049,2610.3,1.2883,978.1,7.1887e-05,0.52502,0.3574,1301,0.6969,906.7
1.25,965266.4,1453.96,1.2978,2666.5,1.2855,977.8,7.197e-05,0.52996,0.3621,1303.2,0.6959,906.9
1.25,1110056.36,1458,1.4903,2718.3,1.283,977.6,7.2048e-05,0.53452,0.3664,1305.2,0.695,907.1
1.25,1254846.32,1461.82,1.6823,2766.1,1.2808,977.4,7.2121e-05,0.53877,0.3703,1306.9,0.6943,907.4
1.25,1399636.28,1465.45,1.874,2810.5,1.2788,977.3,7.219e-05,0.54272,0.3738,1308.5,0.6936,907.7
1.25,1544426.24,1468.9,2.0653,2851.8,1.277,977.2,7.2255e-05,0.54643,0.3771,1310,0.6931,908
1.25,1689216.2,1472.2,2.2563,2890.5,1.2754,977.2,7.2317e-05,0.54991,0.3801,1311.4,0.6926,908.3
1.25,1834006.16,1475.36,2.447,2926.8,1.2739,977.1,7.2376e-05,0.5532,0.3829,1312.7,0.6922,908.6
1.25,1978796.12,1478.4,2.6374,2961,1.2726,977.1,7.2432e-05,0.5563,0.3855,1313.9,0.6918,908.9
1.25,2123586.08,1481.31,2.8275,2993.2,1.2713,977.1,7.2486e-05,0.55924,0.388,1315,0.6914,909.2
1.25,2268376.04,1484.12,3.0174,3023.7,1.2701,977.1,7.2537e-05,0.56203,0.3903,1316,0.6911,909.5
1.25,2413166,1486.84,3.207,3052.7,1.269,977.2,7.2587e-05,0.56469,0.3924,1317,0.6908,909.8
1.25,2557955.96,1489.46,3.3964,3080.1,1.268,977.2,7.2634e-05,0.56723,0.3944,1317.9,0.6906,910.1
1.25,2702745.92,1491.99,3.5856,3106.3,1.267,977.3,7.268e-05,0.56965,0.3963,1318.8,0.6903,910.4
1.25,2847535.88,1494.45,3.7746,3131.2,1.2661,977.3,7.2724e-05,0.57196,0.3981,1319.7,0.6901,910.7
1.25,2992325.84,1496.84,3.9634,3155,1.2653,977.4,7.2767e-05,0.57418,0.3998,1320.5,0.6899,911
1.25,3137115.8,1499.15,4.1519,3177.8,1.2645,977.4,7.2808e-05,0.57631,0.4015,1321.3,0.6897,911.2
1.25,3281905.76,1501.4,4.3404,3199.6,1.2637,977.5,7.2848e-05,0.57835,0.403,1322,0.6895,911.5
1.25,3426695.72,1503.59,4.5286,3220.4,1.263,977.6,7.2887e-05,0.58032,0.4045,1322.7,0.6893,911.8
1.25,3571485.68,1505.73,4.7166,3240.5,1.2623,977.7,7.2924e-05,0.58221,0.4059,1323.4,0.6892,912
1.5,96526.64,1508.72,0.12778,2054.6,1.3229,999.7,7.2547e-05,0.46065,0.3236,1293,0.7186,929.2
1.5,241316.6,1509.63,0.31935,2074.9,1.3215,999.3,7.2566e-05,0.46224,0.3257,1295,0.7156,926.8
1.5,386106.56,1511.1,0.51069,2107.8,1.3192,998.7,7.2597e-05,0.46533,0.3288,1297.4,0.7128,924.8
1.5,530896.52,1512.96,0.70174,2147,1.3165,998,7.2636e-05,0.46909,0.3325,1299.8,0.7105,923.5
1.5,675686.48,1515.08,0.89245,2188.4,1.3137,997.3,7.2681e-05,0.47306,0.3362,1301.9,0.7087,922.6
1.5,820476.44,1517.35,1.0828,2229.6,1.3111,996.7,7.2729e-05,0.47703,0.3399,1303.9,0.7072,922.1
1.5,965266.4,1519.69,1.2729,2269.5,1.3086,996.2,7.2778e-05,0.48088,0.3435,1305.6,0.706,921.8
1.5,1110056.36,1522.06,1.4625,2307.7,1.3063,995.7,7.2828e-05,0.48456,0.3468,1307.3,0.7049,921.5
1.5,1254846.32,1524.43,1.6519,2344.1,1.3042,995.3,7.2878e-05,0.48807,0.35,1308.8,0.7041,921.4
1.5,1399636.28,1526.79,1.841,2378.5,1.3022,995,7.2928e-05,0.49141,0.353,1310.1,0.7033,921.4
1.5,1544426.24,1529.11,2.0298,2411.3,1.3005,994.7,7.2977e-05,0.49459,0.3558,1311.4,0.7026,921.4
1.5,1689216.2,1531.39,2.2183,2442.4,1.2988,994.5,7.3025e-05,0.49762,0.3584,1312.6,0.702,921.5
1.5,1834006.16,1533.63,2.4066,2471.9,1.2972,994.3,7.3072e-05,0.50051,0.3609,1313.8,0.7014,921.5
1.5,1978796.12,1535.82,2.5946,2500.1,1.2958,994.1,7.3118e-05,0.50327,0.3632,1314.8,0.7009,921.6
1.5,2123586.08,1537.98,2.7824,2527,1.2945,994,7.3163e-05,0.50592,0.3654,1315.9,0.7005,921.8
1.5,2268376.04,1540.08,2.9699,2552.7,1.2932,993.9,7.3207e-05,0.50846,0.3675,1316.8,0.7001,921.9
1.5,2413166,1542.14,3.1572,2577.2,1.2921,993.8,7.325e-05,0.5109,0.3695,1317.7,0.6997,922
1.5,2557955.96,1544.16,3.3444,2600.8,1.2909,993.7,7.3292e-05,0.51324,0.3714,1318.6,0.6994,922.2
1.5,2702745.92,1546.13,3.5313,2623.4,1.2899,993.6,7.3333e-05,0.51551,0.3732,1319.4,0.699,922.3
1.5,2847535.88,1548.07,3.718,2645.2,1.2889,993.6,7.3373e-05,0.51769,0.3749,1320.2,0.6987,922.5
1.5,2992325.84,1549.96,3.9045,2666.1,1.288,993.5,7.3412e-05,0.5198,0.3765,1321,0.6985,922.7
1.5,3137115.8,1551.81,4.0909,2686.2,1.2871,993.5,7.345e-05,0.52183,0.3781,1321.7,0.6982,922.8
1.5,3281905.76,1553.63,4.2771,2705.6,1.2863,993.5,7.3488e-05,0.52381,0.3796,1322.5,0.698,923
1.5,3426695.72,1555.41,4.4631,2724.4,1.2855,993.5,7.3525e-05,0.52572,0.381,1323.1,0.6977,923.2
1.5,3571485.68,1557.16,4.6489,2742.5,1.2847,993.5,7.3561e-05,0.52757,0.3824,1323.8,0.6975,923.4
1.75,96526.64,1712.33,0.11933,2029.7,1.304,1027.1,7.7012e-05,0.46302,0.3376,1344.6,0.7132,958.9
1.75,241316.6,1712.6,0.29828,2025.3,1.3046,1027.4,7.702e-05,0.45994,0.3391,1344.6,0.7132,959
1.75,386106.56,1712.71,0.47722,2024,1.3049,1027.5,7.7022e-05,0.45886,0.3397,1344.6,0.7132,959
1.75,530896.52,1712.8,0.65616,2023.6,1.305,1027.5,7.7024e-05,0.45828,0.3401,1344.7,0.7131,958.9
1.75,675686.48,1712.87,0.83509,2023.6,1.305,1027.6,7.7026e-05,0.45793,0.3404,1344.7,0.7131,958.9
1.75,820476.44,1712.94,1.014,2023.9,1.305,1027.6,7.7027e-05,0.45771,0.3406,1344.8,0.713,958.8
1.75,965266.4,1713.02,1.1929,2024.5,1.305,1027.6,7.7028e-05,0.45758,0.3408,1344.8,0.7129,958.8
1.75,1110056.36,1713.09,1.3719,2025.2,1.305,1027.6,7.703e-05,0.4575,0.341,1344.9,0.7128,958.7
1.75,1254846.32,1713.17,1.5508,2026.2,1.305,1027.6,7.7031e-05,0.45747,0.3412,1345,0.7127,958.6
1.75,1399636.28,1713.26,1.7297,2027.3,1.3049,1027.6,7.7033e-05,0.45748,0.3414,1345,0.7126,958.5
1.75,1544426.24,1713.35,1.9086,2028.6,1.3049,1027.6,7.7034e-05,0.45752,0.3416,1345.1,0.7125,958.4
1.75,1689216.2,1713.45,2.0875,2030,1.3048,1027.5,7.7036e-05,0.45758,0.3418,1345.2,0.7124,958.3
1.75,1834006.16,1713.55,2.2663,2031.6,1.3047,1027.5,7.7038e-05,0.45768,0.342,1345.3,0.7122,958.2
1.75,1978796.12,1713.66,2.4452,2033.3,1.3046,1027.5,7.704e-05,0.45779,0.3422,1345.5,0.7121,958.1
1.75,2123586.08,1713.78,2.624,2035.2,1.3045,1027.5,7.7042e-05,0.45793,0.3424,1345.6,0.7119,957.9
1.75,2268376.04,1713.9,2.8029,2037.1,1.3044,1027.5,7.7044e-05,0.45808,0.3426,1345.7,0.7118,957.8
1.75,2413166,1714.03,2.9817,2039.2,1.3043,1027.4,7.7046e-05,0.45826,0.3429,1345.8,0.7116,957.7
1.75,2557955.96,1714.16,3.1605,2041.5,1.3042,1027.4,7.7049e-05,0.45845,0.3431,1346,0.7114,957.5
1.75,2702745.92,1714.3,3.3393,2043.8,1.3041,1027.4,7.7051e-05,0.45866,0.3433,1346.1,0.7112,957.4
1.75,2847535.88,1714.44,3.518,2046.3,1.304,1027.3,7.7054e-05,0.45888,0.3436,1346.3,0.711,957.3
1.75,2992325.84,1714.6,3.6968,2048.9,1.3038,1027.3,7.7056e-05,0.45912,0.3439,1346.4,0.7109,957.1
1.75,3137115.8,1714.75,3.8755,2051.6,1.3037,1027.3,7.7059e-05,0.45937,0.3442,1346.6,0.7107,957
1.75,3281905.76,1714.92,4.0542,2054.4,1.3035,1027.2,7.7062e-05,0.45964,0.3444,1346.8,0.7105,956.8
1.75,3426695.72,1715.08,4.2329,2057.3,1.3034,1027.2,7.7065e-05,0.45992,0.3447,1346.9,0.7103,956.7
1.75,3571485.68,1715.26,4.4116,2060.3,1.3032,1027.2,7.7068e-05,0.46021,0.345,1347.1,0.7101,956.6
2,96526.64,1889.48,0.11381,2023.1,1.2873,1044.9,8.0562e-05,0.47264,0.3448,1382.7,0.7084,979.5
2,241316.6,1890.49,0.2844,2007.9,1.2893,1045.9,8.0589e-05,0.46186,0.3504,1382.6,0.7086,979.7
2,386106.56,1890.86,0.45496,2002.4,1.29,1046.3,8.0598e-05,0.45793,0.3524,1382.6,0.7087,979.8
2,530896.52,1891.07,0.62552,1999.4,1.2904,1046.5,8.0604e-05,0.45574,0.3536,1382.5,0.7087,979.8
2,675686.48,1891.22,0.79607,1997.4,1.2907,1046.7,8.0608e-05,0.4543,0.3544,1382.5,0.7087,979.9
2,820476.44,1891.32,0.96662,1996,1.2909,1046.8,8.061e-05,0.45326,0.355,1382.5,0.7087,979.9
2,965266.4,1891.41,1.1372,1995,1.291,1046.8,8.0612e-05,0.45247,0.3554,1382.5,0.7088,979.9
2,1110056.36,1891.48,1.3077,1994.2,1.2911,1046.9,8.0614e-05,0.45183,0.3558,1382.5,0.7088,979.9
2,1254846.32,1891.54,1.4782,1993.5,1.2912,1046.9,8.0615e-05,0.45131,0.3561,1382.5,0.7088,979.9
2,1399636.28,1891.59,1.6488,1993,1.2913,1047,8.0617e-05,0.45088,0.3563,1382.5,0.7088,979.9
2,1544426.24,1891.64,1.8193,1992.6,1.2913,1047,8.0618e-05,0.45051,0.3566,1382.5,0.7088,979.9
2,1689216.2,1891.68,1.9898,1992.3,1.2914,1047,8.0619e-05,0.45019,0.3568,1382.5,0.7088,979.9
2,1834006.16,1891.72,2.1604,1992,1.2914,1047.1,8.0619e-05,0.44991,0.3569,1382.5,0.7088,979.9
2,1978796.12,1891.76,2.3309,1991.8,1.2915,1047.1,8.062e-05,0.44967,0.3571,1382.5,0.7088,979.9
2,2123586.08,1891.8,2.5014,1991.6,1.2915,1047.1,8.0621e-05,0.44945,0.3572,1382.5,0.7088,979.9
2,2268376.04,1891.83,2.672,1991.5,1.2915,1047.1,8.0621e-05,0.44926,0.3574,1382.6,0.7088,979.9
2,2413166,1891.86,2.8425,1991.4,1.2916,1047.1,8.0622e-05,0.44908,0.3575,1382.6,0.7087,979.9
2,2557955.96,1891.89,3.013,1991.3,1.2916,1047.1,8.0623e-05,0.44892,0.3576,1382.6,0.7087,979.9
2,2702745.92,1891.93,3.1836,1991.3,1.2916,1047.2,8.0623e-05,0.44878,0.3577,1382.6,0.7087,979.9
2,2847535.88,1891.96,3.3541,1991.2,1.2916,1047.2,8.0624e-05,0.44865,0.3578,1382.6,0.7087,979.9
2,2992325.84,1891.99,3.5246,1991.2,1.2916,1047.2,8.0624e-05,0.44854,0.3579,1382.6,0.7087,979.9
2,3137115.8,1892.02,3.6951,1991.3,1.2916,1047.2,8.0625e-05,0.44843,0.358,1382.6,0.7087,979.9
2,3281905.76,1892.05,3.8657,1991.3,1.2917,1047.2,8.0625e-05,0.44833,0.3581,1382.6,0.7087,979.9
2,3426695.72,1892.08,4.0362,1991.4,1.2917,1047.2,8.0626e-05,0.44824,0.3582,1382.6,0.7087,979.8
2,3571485.68,1892.1,4.2067,1991.5,1.2917,1047.2,8.0626e-05,0.44816,0.3583,1382.6,0.7087,979.8
2.25,96526.64,2043.83,0.11007,2045.5,1.2707,1055.6,8.3447e-05,0.50018,0.3413,1411.6,0.7042,994.1
2.25,241316.6,2046.59,0.27488,2010.2,1.2748,1057.9,8.3518e-05,0.47436,0.3539,1411.4,0.7047,994.6
2.25,386106.56,2047.61,0.43963,1997.2,1.2763,1058.7,8.3544e-05,0.46485,0.3589,1411.4,0.7048,994.8
2.25,530896.52,2048.19,0.60435,1989.9,1.2772,1059.2,8.3559e-05,0.45951,0.3618,1411.4,0.7049,994.9
2.25,675686.48,2048.57,0.76905,1985.1,1.2778,1059.5,8.3568e-05,0.45597,0.3638,1411.3,0.705,995
2.25,820476.44,2048.85,0.93374,1981.6,1.2782,1059.8,8.3575e-05,0.45341,0.3653,1411.3,0.7051,995.1
2.25,965266.4,2049.07,1.0984,1978.9,1.2785,1060,8.3581e-05,0.45144,0.3664,1411.3,0.7051,995.1
2.25,1110056.36,2049.24,1.2631,1976.8,1.2788,1060.1,8.3585e-05,0.44987,0.3673,1411.3,0.7051,995.1
2.25,1254846.32,2049.38,1.4278,1975.1,1.279,1060.2,8.3589e-05,0.44858,0.368,1411.3,0.7051,995.2
2.25,1399636.28,2049.5,1.5925,1973.6,1.2791,1060.3,8.3592e-05,0.44749,0.3687,1411.3,0.7052,995.2
2.25,1544426.24,2049.61,1.7571,1972.3,1.2793,1060.4,8.3594e-05,0.44656,0.3692,1411.3,0.7052,995.2
2.25,1689216.2,2049.7,1.9218,1971.3,1.2794,1060.5,8.3597e-05,0.44575,0.3697,1411.3,0.7052,995.2
2.25,1834006.16,2049.78,2.0865,1970.3,1.2795,1060.5,8.3598e-05,0.44503,0.3701,1411.3,0.7052,995.2
2.25,1978796.12,2049.85,2.2511,1969.5,1.2796,1060.6,8.36e-05,0.4444,0.3705,1411.3,0.7052,995.2
2.25,2123586.08,2049.92,2.4158,1968.7,1.2797,1060.6,8.3602e-05,0.44383,0.3708,1411.3,0.7052,995.3
2.25,2268376.04,2049.98,2.5804,1968.1,1.2798,1060.7,8.3603e-05,0.44332,0.3711,1411.3,0.7052,995.3
2.25,2413166,2050.04,2.7451,1967.5,1.2799,1060.7,8.3605e-05,0.44285,0.3714,1411.3,0.7052,995.3
2.25,2557955.96,2050.09,2.9097,1966.9,1.28,1060.8,8.3606e-05,0.44242,0.3717,1411.3,0.7052,995.3
2.25,2702745.92,2050.13,3.0744,1966.4,1.28,1060.8,8.3607e-05,0.44203,0.3719,1411.3,0.7052,995.3
2.25,2847535.88,2050.18,3.2391,1965.9,1.2801,1060.8,8.3608e-05,0.44167,0.3721,1411.3,0.7052,995.3
2.25,2992325.84,2050.22,3.4037,1965.5,1.2801,1060.9,8.3609e-05,0.44134,0.3724,1411.3,0.7052,995.3
2.25,3137115.8,2050.26,3.5684,1965.1,1.2802,1060.9,8.361e-05,0.44103,0.3725,1411.3,0.7053,995.3
2.25,3281905.76,2050.3,3.733,1964.8,1.2802,1060.9,8.3611e-05,0.44074,0.3727,1411.3,0.7053,995.3
2.25,3426695.72,2050.33,3.8977,1964.4,1.2803,1060.9,8.3611e-05,0.44047,0.3729,1411.3,0.7053,995.3
2.25,3571485.68,2050.36,4.0623,1964.1,1.2803,1060.9,8.3612e-05,0.44021,0.3731,1411.3,0.7053,995.3
2.5,96526.64,2177.81,0.10752,2101.9,1.2539,1061,8.5809e-05,0.54915,0.3284,1434.1,0.7,1003.9
2.5,241316.6,2183.59,0.26822,2036.5,1.2604,1064.9,8.5953e-05,0.50125,0.3492,1433.9,0.701,1005.1
2.5,386106.56,2185.78,0.4288,2012,1.263,1066.4,8.6008e-05,0.48324,0.3581,1433.9,0.7013,1005.6
2.5,530896.52,2187.02,0.58933,1998.2,1.2644,1067.3,8.6038e-05,0.47306,0.3634,1433.8,0.7015,1005.8
2.5,675686.48,2187.84,0.74983,1989,1.2654,1067.8,8.6059e-05,0.46628,0.3671,1433.8,0.7016,1006
2.5,820476.44,2188.45,0.9103,1982.4,1.2662,1068.3,8.6074e-05,0.46135,0.3698,1433.8,0.7017,1006.1
2.5,965266.4,2188.91,1.0708,1977.2,1.2667,1068.6,8.6085e-05,0.45756,0.372,1433.8,0.7018,1006.2
2.5,1110056.36,2189.28,1.2312,1973.1,1.2672,1068.9,8.6094e-05,0.45452,0.3737,1433.8,0.7018,1006.3
2.5,1254846.32,2189.59,1.3916,1969.7,1.2675,1069.1,8.6102e-05,0.45201,0.3752,1433.8,0.7019,1006.3
2.5,1399636.28,2189.85,1.5521,1966.9,1.2679,1069.3,8.6108e-05,0.4499,0.3764,1433.7,0.7019,1006.4
2.5,1544426.24,2190.07,1.7125,1964.4,1.2681,1069.4,8.6114e-05,0.44809,0.3775,1433.7,0.702,1006.4
2.5,1689216.2,2190.27,1.8729,1962.3,1.2684,1069.6,8.6118e-05,0.44651,0.3785,1433.7,0.702,1006.5
2.5,1834006.16,2190.44,2.0333,1960.4,1.2686,1069.7,8.6123e-05,0.44512,0.3793,1433.7,0.702,1006.5
2.5,1978796.12,2190.59,2.1937,1958.8,1.2688,1069.8,8.6126e-05,0.44388,0.3801,1433.7,0.702,1006.5
2.5,2123586.08,2190.73,2.3541,1957.3,1.2689,1069.9,8.613e-05,0.44277,0.3807,1433.7,0.7021,1006.6
2.5,2268376.04,2190.86,2.5145,1955.9,1.2691,1070,8.6133e-05,0.44177,0.3814,1433.7,0.7021,1006.6
2.5,2413166,2190.97,2.6749,1954.7,1.2692,1070.1,8.6135e-05,0.44086,0.3819,1433.7,0.7021,1006.6
2.5,2557955.96,2191.07,2.8353,1953.6,1.2693,1070.1,8.6138e-05,0.44002,0.3824,1433.7,0.7021,1006.6
2.5,2702745.92,2191.17,2.9957,1952.6,1.2695,1070.2,8.614e-05,0.43926,0.3829,1433.7,0.7021,1006.6
2.5,2847535.88,2191.26,3.1561,1951.6,1.2696,1070.3,8.6142e-05,0.43855,0.3834,1433.7,0.7021,1006.7
2.5,2992325.84,2191.34,3.3165,1950.7,1.2697,1070.3,8.6144e-05,0.43789,0.3838,1433.7,0.7022,1006.7
2.5,3137115.8,2191.42,3.4768,1949.9,1.2698,1070.4,8.6146e-05,0.43728,0.3841,1433.7,0.7022,1006.7
2.5,3281905.76,2191.49,3.6372,1949.2,1.2698,1070.4,8.6148e-05,0.43671,0.3845,1433.7,0.7022,1006.7
2.5,3426695.72,2191.56,3.7976,1948.5,1.2699,1070.5,8.615e-05,0.43617,0.3848,1433.7,0.7022,1006.7
2.5,3571485.68,2191.63,3.958,1947.8,1.27,1070.5,8.6151e-05,0.43567,0.3852,1433.7,0.7022,1006.7
2.75,96526.64,2293.46,0.1058,2191.5,1.2373,1062.5,8.7748e-05,0.6158,0.3123,1451.8,0.6957,1010
2.75,241316.6,2303.56,0.26356,2088,1.2462,1068.2,8.7991e-05,0.54151,0.3393,1451.8,0.6972,1012.2
2.75,386106.56,2307.47,0.42112,2048.3,1.2498,1070.5,8.8086e-05,0.51293,0.3518,1451.7,0.6978,1013.1
2.75,530896.52,2309.71,0.57858,2025.7,1.2519,1071.8,8.814e-05,0.49659,0.3595,1451.7,0.6982,1013.5
2.75,675686.48,2311.22,0.73599,2010.6,1.2534,1072.7,8.8176e-05,0.48564,0.3651,1451.7,0.6984,1013.8
2.75,820476.44,2312.32,0.89336,1999.6,1.2545,1073.4,8.8202e-05,0.47764,0.3693,1451.6,0.6986,1014
2.75,965266.4,2313.17,1.0507,1991.1,1.2553,1073.9,8.8223e-05,0.47145,0.3726,1451.6,0.6987,1014.2
2.75,1110056.36,2313.85,1.208,1984.2,1.256,1074.3,8.8239e-05,0.46649,0.3753,1451.6,0.6988,1014.3
2.75,1254846.32,2314.42,1.3653,1978.6,1.2566,1074.7,8.8253e-05,0.46239,0.3776,1451.6,0.6989,1014.5
2.75,1399636.28,2314.9,1.5226,1973.8,1.2571,1075,8.8264e-05,0.45892,0.3796,1451.6,0.6989,1014.6
2.75,1544426.24,2315.31,1.6799,1969.8,1.2575,1075.2,8.8274e-05,0.45594,0.3814,1451.6,0.699,1014.6
2.75,1689216.2,2315.67,1.8372,1966.2,1.2578,1075.4,8.8283e-05,0.45335,0.3829,1451.6,0.699,1014.7
2.75,1834006.16,2315.99,1.9944,1963.1,1.2582,1075.6,8.829e-05,0.45106,0.3843,1451.6,0.6991,1014.8
2.75,1978796.12,2316.27,2.1517,1960.3,1.2585,1075.8,8.8297e-05,0.44902,0.3855,1451.6,0.6991,1014.8
2.75,2123586.08,2316.53,2.3089,1957.7,1.2587,1076,8.8303e-05,0.44718,0.3866,1451.6,0.6992,1014.9
2.75,2268376.04,2316.76,2.4661,1955.5,1.2589,1076.1,8.8309e-05,0.44553,0.3876,1451.6,0.6992,1014.9
2.75,2413166,2316.97,2.6233,1953.4,1.2592,1076.2,8.8314e-05,0.44402,0.3885,1451.5,0.6992,1015
2.75,2557955.96,2317.16,2.7806,1951.5,1.2594,1076.4,8.8318e-05,0.44264,0.3894,1451.5,0.6993,1015
2.75,2702745.92,2317.34,2.9378,1949.8,1.2595,1076.5,8.8323e-05,0.44137,0.3902,1451.5,0.6993,1015
2.75,2847535.88,2317.5,3.095,1948.2,1.2597,1076.6,8.8326e-05,0.44019,0.3909,1451.5,0.6993,1015.1
2.75,2992325.84,2317.65,3.2522,1946.7,1.2599,1076.7,8.833e-05,0.4391,0.3916,1451.5,0.6993,1015.1
2.75,3137115.8,2317.79,3.4094,1945.3,1.26,1076.7,8.8333e-05,0.43808,0.3922,1451.5,0.6993,1015.1
2.75,3281905.76,2317.93,3.5666,1944,1.2601,1076.8,8.8337e-05,0.43714,0.3928,1451.5,0.6994,1015.2
2.75,3426695.72,2318.05,3.7238,1942.8,1.2603,1076.9,8.834e-05,0.43625,0.3934,1451.5,0.6994,1015.2
2.75,3571485.68,2318.17,3.881,1941.7,1.2604,1077,8.8342e-05,0.43541,0.394,1451.5,0.6994,1015.2
3,96526.64,2392.79,0.10467,2312.8,1.2216,1061.4,8.9338e-05,0.69217,0.2985,1465.8,0.6913,1013.3
3,241316.6,2408.26,0.26034,2164.4,1.2323,1068.7,8.9702e-05,0.59098,0.3285,1466,0.6935,1016.6
3,386106.56,2414.42,0.41571,2106.4,1.2369,1071.8,8.9847e-05,0.55103,0.3435,1466,0.6944,1017.9
3,530896.52,2418,0.57092,2073,1.2397,1073.7,8.9931e-05,0.52791,0.3531,1466,0.6949,1018.7
3,675686.48,2420.42,0.72605,2050.5,1.2416,1074.9,8.9988e-05,0.5123,0.3602,1466,0.6952,1019.2
3,820476.44,2422.2,0.88112,2034,1.2431,1075.9,9.003e-05,0.50083,0.3656,1466,0.6955,1019.5
3,965266.4,2423.59,1.0361,2021.2,1.2442,1076.6,9.0062e-05,0.49192,0.3701,1466,0.6957,1019.8
3,1110056.36,2424.71,1.1911,2010.9,1.2451,1077.2,9.0089e-05,0.48475,0.3737,1466,0.6958,1020.1
3,1254846.32,2425.64,1.3461,2002.4,1.2459,1077.7,9.011e-05,0.4788,0.3769,1466,0.696,1020.2
3,1399636.28,2426.42,1.501,1995.2,1.2466,1078.1,9.0129e-05,0.47377,0.3796,1466,0.6961,1020.4
3,1544426.24,2427.1,1.6559,1989,1.2471,1078.5,9.0145e-05,0.46944,0.3819,1466,0.6962,1020.5
3,1689216.2,2427.69,1.8108,1983.6,1.2476,1078.8,9.0159e-05,0.46565,0.3841,1466,0.6962,1020.6
3,1834006.16,2428.22,1.9657,1978.8,1.2481,1079.1,9.0171e-05,0.46231,0.386,1466,0.6963,1020.7
3,1978796.12,2428.68,2.1206,1974.6,1.2485,1079.4,9.0182e-05,0.45933,0.3877,1466,0.6964,1020.8
3,2123586.08,2429.1,2.2754,1970.7,1.2488,1079.6,9.0192e-05,0.45664,0.3892,1465.9,0.6964,1020.9
3,2268376.04,2429.48,2.4303,1967.3,1.2492,1079.8,9.02e-05,0.45421,0.3907,1465.9,0.6965,1021
3,2413166,2429.83,2.5851,1964.1,1.2495,1080,9.0209e-05,0.452,0.392,1465.9,0.6965,1021.1
3,2557955.96,2430.15,2.7399,1961.2,1.2498,1080.2,9.0216e-05,0.44997,0.3932,1465.9,0.6966,1021.1
3,2702745.92,2430.44,2.8947,1958.6,1.25,1080.3,9.0223e-05,0.4481,0.3943,1465.9,0.6966,1021.2
3,2847535.88,2430.72,3.0495,1956.1,1.2502,1080.5,9.0229e-05,0.44637,0.3954,1465.9,0.6966,1021.2
3,2992325.84,2430.97,3.2043,1953.8,1.2505,1080.6,9.0235e-05,0.44477,0.3964,1465.9,0.6967,1021.3
3,3137115.8,2431.2,3.3591,1951.7,1.2507,1080.7,9.0241e-05,0.44327,0.3973,1465.9,0.6967,1021.3
3,3281905.76,2431.42,3.5139,1949.7,1.2509,1080.9,9.0246e-05,0.44187,0.3982,1465.9,0.6967,1021.4
3,3426695.72,2431.63,3.6687,1947.9,1.251,1081,9.025e-05,0.44056,0.399,1465.9,0.6968,1021.4
3,3571485.68,2431.82,3.8235,1946.1,1.2512,1081.1,9.0255e-05,0.43933,0.3998,1465.9,0.6968,1021.4
3.25,96526.64,2477.54,0.104,2467.2,1.2067,1058.3,9.0641e-05,0.76983,0.2905,1476.7,0.6868,1014.2
3.25,241316.6,2499.18,0.25823,2267.5,1.2188,1067.2,9.114e-05,0.64437,0.3207,1477.3,0.6897,1018.9
3.25,386106.56,2508.04,0.41202,2187.9,1.2242,1071.1,9.1343e-05,0.59357,0.3367,1477.5,0.6909,1020.8
3.25,530896.52,2513.27,0.5656,2141.6,1.2276,1073.4,9.1463e-05,0.56378,0.3474,1477.6,0.6916,1021.8
3.25,675686.48,2516.84,0.71905,2110.2,1.23,1075.1,9.1545e-05,0.5435,0.3554,1477.6,0.6921,1022.6
3.25,820476.44,2519.49,0.87241,2087,1.2318,1076.3,9.1606e-05,0.5285,0.3617,1477.6,0.6924,1023.1
3.25,965266.4,2521.55,1.0257,2069,1.2332,1077.3,9.1653e-05,0.51681,0.3669,1477.6,0.6927,1023.5
3.25,1110056.36,2523.23,1.1789,2054.5,1.2344,1078.1,9.1692e-05,0.50735,0.3713,1477.7,0.6929,1023.9
3.25,1254846.32,2524.62,1.3321,2042.5,1.2353,1078.7,9.1724e-05,0.49949,0.3751,1477.7,0.6931,1024.1
3.25,1399636.28,2525.8,1.4853,2032.3,1.2362,1079.3,9.1751e-05,0.49282,0.3784,1477.7,0.6932,1024.4
3.25,1544426.24,2526.83,1.6384,2023.4,1.2369,1079.8,9.1774e-05,0.48706,0.3813,1477.7,0.6934,1024.6
3.25,1689216.2,2527.72,1.7915,2015.7,1.2376,1080.2,9.1795e-05,0.48202,0.3839,1477.7,0.6935,1024.7
3.25,1834006.16,2528.52,1.9446,2008.9,1.2382,1080.6,9.1813e-05,0.47755,0.3862,1477.7,0.6936,1024.9
3.25,1978796.12,2529.22,2.0977,2002.9,1.2387,1081,9.1829e-05,0.47357,0.3884,1477.7,0.6937,1025
3.25,2123586.08,2529.86,2.2507,1997.4,1.2391,1081.3,9.1844e-05,0.46998,0.3903,1477.7,0.6938,1025.2
3.25,2268376.04,2530.44,2.4038,1992.4,1.2396,1081.6,9.1857e-05,0.46673,0.3921,1477.7,0.6938,1025.3
3.25,2413166,2530.97,2.5568,1987.9,1.24,1081.8,9.1869e-05,0.46375,0.3938,1477.7,0.6939,1025.4
3.25,2557955.96,2531.46,2.7098,1983.8,1.2403,1082.1,9.188e-05,0.46103,0.3954,1477.7,0.694,1025.5
3.25,2702745.92,2531.91,2.8628,1980,1.2407,1082.3,9.189e-05,0.45852,0.3968,1477.7,0.694,1025.6
3.25,2847535.88,2532.32,3.0157,1976.4,1.241,1082.5,9.19e-05,0.45619,0.3982,1477.7,0.6941,1025.6
3.25,2992325.84,2532.71,3.1687,1973.2,1.2413,1082.7,9.1909e-05,0.45403,0.3994,1477.7,0.6941,1025.7
3.25,3137115.8,2533.07,3.3217,1970.1,1.2415,1082.8,9.1917e-05,0.45201,0.4006,1477.7,0.6942,1025.8
3.25,3281905.76,2533.41,3.4746,1967.2,1.2418,1083,9.1925e-05,0.45013,0.4017,1477.7,0.6942,1025.8
3.25,3426695.72,2533.72,3.6275,1964.6,1.242,1083.2,9.1932e-05,0.44836,0.4028,1477.7,0.6943,1025.9
3.25,3571485.68,2534.02,3.7805,1962,1.2423,1083.3,9.1939e-05,0.44669,0.4038,1477.7,0.6943,1026
3.5,96526.64,2549.05,0.10369,2660.9,1.1927,1053.7,9.1698e-05,0.84228,0.2897,1485.1,0.6823,1013.3
3.5,241316.6,2577.45,0.25699,2401.9,1.2056,1064,9.234e-05,0.69706,0.3182,1486.3,0.6858,1019.4
3.5,386106.56,2589.41,0.40969,2296.8,1.2117,1068.6,9.261e-05,0.63682,0.334,1486.7,0.6873,1021.9
3.5,530896.52,2596.56,0.56211,2235.1,1.2156,1071.5,9.2771e-05,0.60104,0.345,1486.9,0.6882,1023.3
3.5,675686.48,2601.49,0.71436,2193,1.2183,1073.5,9.2882e-05,0.57647,0.3533,1487,0.6888,1024.3
3.5,820476.44,2605.17,0.86648,2161.9,1.2205,1075,9.2965e-05,0.55819,0.3601,1487.1,0.6893,1025.1
3.5,965266.4,2608.06,1.0185,2137.6,1.2222,1076.2,9.303e-05,0.54387,0.3656,1487.2,0.6897,1025.6
3.5,1110056.36,2610.42,1.1705,2117.9,1.2236,1077.2,9.3083e-05,0.53224,0.3704,1487.2,0.6899,1026.1
3.5,1254846.32,2612.38,1.3224,2101.5,1.2248,1078.1,9.3127e-05,0.52254,0.3745,1487.2,0.6902,1026.5
3.5,1399636.28,2614.06,1.4742,2087.6,1.2258,1078.8,9.3165e-05,0.51428,0.3782,1487.3,0.6904,1026.8
3.5,1544426.24,2615.51,1.626,2075.6,1.2267,1079.4,9.3197e-05,0.50713,0.3814,1487.3,0.6906,1027.1
3.5,1689216.2,2616.78,1.7778,2065.1,1.2275,1080,9.3226e-05,0.50086,0.3844,1487.3,0.6907,1027.3
3.5,1834006.16,2617.92,1.9295,2055.8,1.2282,1080.5,9.3251e-05,0.49531,0.387,1487.3,0.6909,1027.6
3.5,1978796.12,2618.93,2.0812,2047.5,1.2288,1080.9,9.3274e-05,0.49033,0.3895,1487.3,0.691,1027.8
3.5,2123586.08,2619.84,2.2329,2040,1.2294,1081.3,9.3295e-05,0.48585,0.3917,1487.4,0.6911,1027.9
3.5,2268376.04,2620.67,2.3845,2033.2,1.23,1081.7,9.3313e-05,0.48177,0.3938,1487.4,0.6912,1028.1
3.5,2413166,2621.43,2.5362,2027,1.2304,1082,9.333e-05,0.47805,0.3957,1487.4,0.6913,1028.2
3.5,2557955.96,2622.13,2.6878,2021.3,1.2309,1082.3,9.3346e-05,0.47463,0.3975,1487.4,0.6914,1028.4
3.5,2702745.92,2622.78,2.8394,2016,1.2313,1082.6,9.3361e-05,0.47147,0.3992,1487.4,0.6915,1028.5
3.5,2847535.88,2623.37,2.991,2011.1,1.2317,1082.9,9.3374e-05,0.46854,0.4008,1487.4,0.6916,1028.6
3.5,2992325.84,2623.93,3.1425,2006.6,1.2321,1083.1,9.3386e-05,0.46582,0.4023,1487.4,0.6916,1028.7
3.5,3137115.8,2624.45,3.2941,2002.4,1.2324,1083.4,9.3398e-05,0.46328,0.4037,1487.4,0.6917,1028.8
3.5,3281905.76,2624.94,3.4456,1998.5,1.2327,1083.6,9.3409e-05,0.4609,0.405,1487.4,0.6917,1028.9
3.5,3426695.72,2625.39,3.5971,1994.8,1.233,1083.8,9.3419e-05,0.45867,0.4063,1487.4,0.6918,1029
3.5,3571485.68,2625.82,3.7486,1991.3,1.2333,1084,9.3429e-05,0.45656,0.4075,1487.4,0.6919,1029.1
3.75,96526.64,2608.2,0.10368,2903.3,1.1794,1047.9,9.2537e-05,0.90612,0.2965,1491.4,0.6777,1010.8
3.75,241316.6,2643.76,0.25648,2575.5,1.1927,1059.4,9.3328e-05,0.74606,0.3222,1493.4,0.6818,1018.2
3.75,386106.56,2659.15,0.40851,2440.2,1.1993,1064.7,9.367e-05,0.6782,0.337,1494.1,0.6836,1021.4
3.75,530896.52,2668.49,0.56018,2360,1.2035,1068,9.3877e-05,0.63741,0.3476,1494.5,0.6847,1023.3
3.75,675686.48,2674.99,0.71161,2305,1.2066,1070.4,9.4021e-05,0.60917,0.3558,1494.7,0.6855,1024.6
3.75,820476.44,2679.89,0.86288,2264.1,1.209,1072.2,9.4129e-05,0.58803,0.3624,1494.9,0.6861,1025.6
3.75,965266.4,2683.75,1.014,2232.1,1.211,1073.7,9.4215e-05,0.57139,0.368,1495,0.6865,1026.3
3.75,1110056.36,2686.91,1.1651,2206.1,1.2126,1074.9,9.4284e-05,0.55781,0.3729,1495.1,0.6869,1027
3.75,1254846.32,2689.56,1.316,2184.4,1.214,1075.9,9.4343e-05,0.54645,0.3771,1495.1,0.6872,1027.5
3.75,1399636.28,2691.82,1.4669,2166,1.2152,1076.8,9.4393e-05,0.53675,0.3809,1495.2,0.6875,1027.9
3.75,1544426.24,2693.79,1.6177,2150,1.2162,1077.5,9.4437e-05,0.52833,0.3843,1495.2,0.6877,1028.3
3.75,1689216.2,2695.53,1.7685,2136,1.2172,1078.2,9.4475e-05,0.52093,0.3874,1495.3,0.6879,1028.6
3.75,1834006.16,2697.07,1.9193,2123.6,1.218,1078.8,9.4509e-05,0.51436,0.3902,1495.3,0.6881,1028.9
3.75,1978796.12,2698.45,2.07,2112.4,1.2188,1079.4,9.4539e-05,0.50846,0.3928,1495.3,0.6883,1029.2
3.75,2123586.08,2699.7,2.2206,2102.4,1.2195,1079.9,9.4567e-05,0.50314,0.3952,1495.4,0.6884,1029.4
3.75,2268376.04,2700.84,2.3713,2093.3,1.2201,1080.4,9.4592e-05,0.49829,0.3974,1495.4,0.6885,1029.6
3.75,2413166,2701.89,2.5219,2085,1.2207,1080.8,9.4615e-05,0.49386,0.3995,1495.4,0.6887,1029.8
3.75,2557955.96,2702.85,2.6724,2077.4,1.2212,1081.2,9.4636e-05,0.48978,0.4014,1495.4,0.6888,1030
3.75,2702745.92,2703.74,2.823,2070.3,1.2217,1081.5,9.4656e-05,0.48602,0.4032,1495.4,0.6889,1030.2
3.75,2847535.88,2704.56,2.9735,2063.8,1.2222,1081.9,9.4674e-05,0.48252,0.4049,1495.5,0.689,1030.3
3.75,2992325.84,2705.33,3.124,2057.7,1.2227,1082.2,9.4691e-05,0.47926,0.4066,1495.5,0.6891,1030.5
3.75,3137115.8,2706.05,3.2745,2052,1.2231,1082.5,9.4707e-05,0.47622,0.4081,1495.5,0.6892,1030.6
3.75,3281905.76,2706.72,3.425,2046.7,1.2235,1082.8,9.4722e-05,0.47337,0.4095,1495.5,0.6892,1030.7
3.75,3426695.72,2707.35,3.5755,2041.7,1.2238,1083,9.4736e-05,0.47069,0.4109,1495.5,0.6893,1030.9
3.75,3571485.68,2707.95,3.7259,2037,1.2242,1083.3,9.4749e-05,0.46816,0.4123,1495.5,0.6894,1031
4,96526.64,2655.59,0.10393,3201.4,1.1671,1041.1,9.3171e-05,0.96088,0.3104,1495.6,0.6731,1006.8
4,241316.6,2698.5,0.25662,2797.2,1.1802,1053.5,9.4115e-05,0.79037,0.3331,1498.8,0.6776,1015.6
4,386106.56,2717.57,0.40836,2626.9,1.187,1059.4,9.4533e-05,0.7167,0.3465,1499.9,0.6797,1019.5
4,530896.52,2729.32,0.55963,2524.8,1.1914,1063.1,9.479e-05,0.67192,0.3562,1500.5,0.681,1021.8
4,675686.48,2737.59,0.71059,2454.3,1.1947,1065.9,9.4971e-05,0.64068,0.3638,1500.8,0.6819,1023.5
4,820476.44,2743.86,0.86134,2401.6,1.1973,1068,9.5108e-05,0.61715,0.3701,1501.1,0.6826,1024.7
4,965266.4,2748.84,1.0119,2360.2,1.1995,1069.7,9.5216e-05,0.59853,0.3755,1501.3,0.6832,1025.7
4,1110056.36,2752.94,1.1624,2326.4,1.2013,1071.1,9.5306e-05,0.58329,0.3801,1501.4,0.6837,1026.5
4,1254846.32,2756.39,1.3127,2298.2,1.2028,1072.3,9.5381e-05,0.57049,0.3842,1501.6,0.6841,1027.2
4,1399636.28,2759.35,1.463,2274.1,1.2042,1073.3,9.5445e-05,0.55953,0.3879,1501.7,0.6844,1027.7
4,1544426.24,2761.93,1.6132,2253.2,1.2054,1074.3,9.5502e-05,0.54999,0.3913,1501.8,0.6847,1028.2
4,1689216.2,2764.21,1.7633,2234.9,1.2065,1075.1,9.5551e-05,0.54159,0.3943,1501.8,0.6849,1028.7
4,1834006.16,2766.24,1.9133,2218.6,1.2074,1075.8,9.5596e-05,0.53411,0.3971,1501.9,0.6852,1029
4,1978796.12,2768.07,2.0633,2204,1.2083,1076.5,9.5635e-05,0.52739,0.3997,1501.9,0.6854,1029.4
4,2123586.08,2769.73,2.2133,2190.8,1.2091,1077.1,9.5672e-05,0.52131,0.4021,1502,0.6856,1029.7
4,2268376.04,2771.24,2.3632,2178.8,1.2098,1077.6,9.5704e-05,0.51577,0.4043,1502,0.6857,1030
4,2413166,2772.63,2.5131,2167.8,1.2105,1078.1,9.5735e-05,0.51069,0.4064,1502.1,0.6859,1030.3
4,2557955.96,2773.91,2.6629,2157.7,1.2112,1078.6,9.5763e-05,0.50601,0.4083,1502.1,0.686,1030.5
4,2702745.92,2775.09,2.8127,2148.4,1.2118,1079.1,9.5788e-05,0.50168,0.4102,1502.1,0.6862,1030.7
4,2847535.88,2776.19,2.9625,2139.7,1.2123,1079.5,9.5812e-05,0.49766,0.412,1502.2,0.6863,1030.9
4,2992325.84,2777.22,3.1122,2131.7,1.2128,1079.9,9.5835e-05,0.49392,0.4136,1502.2,0.6864,1031.1
4,3137115.8,2778.18,3.262,2124.2,1.2133,1080.2,9.5856e-05,0.49041,0.4152,1502.2,0.6865,1031.3
4,3281905.76,2779.09,3.4117,2117.1,1.2138,1080.6,9.5875e-05,0.48712,0.4167,1502.2,0.6866,1031.5
4,3426695.72,2779.94,3.5613,2110.5,1.2142,1080.9,9.5894e-05,0.48402,0.4181,1502.3,0.6867,1031.6
4,3571485.68,2780.74,3.711,2104.3,1.2146,1081.2,9.5911e-05,0.48111,0.4195,1502.3,0.6868,1031.8
4.25,96526.64,2691.87,0.10443,3550.2,1.1562,1033.8,9.3613e-05,1.00799,0.3297,1497.9,0.6685,1001.4
4.25,241316.6,2741.92,0.25738,3070.2,1.1685,1046.7,9.4705e-05,0.83063,0.3501,1502.4,0.6733,1011.5
4.25,386106.56,2764.79,0.40917,2862.6,1.1751,1053,9.5202e-05,0.75269,0.3621,1504,0.6756,1016.1
4.25,530896.52,2779.09,0.56038,2736.4,1.1796,1057.1,9.5512e-05,0.70484,0.3708,1504.9,0.6771,1018.9
4.25,675686.48,2789.28,0.7112,2648.4,1.1829,1060.1,9.5733e-05,0.67121,0.3777,1505.5,0.6781,1021
4.25,820476.44,2797.06,0.86175,2582.1,1.1856,1062.5,9.5901e-05,0.64573,0.3835,1506,0.679,1022.5
4.25,965266.4,2803.29,1.0121,2529.7,1.1879,1064.4,9.6036e-05,0.62549,0.3884,1506.3,0.6796,1023.7
4.25,1110056.36,2808.43,1.1623,2486.8,1.1898,1066,9.6147e-05,0.60884,0.3927,1506.5,0.6802,1024.7
4.25,1254846.32,2812.79,1.3123,2450.8,1.1914,1067.4,9.6241e-05,0.59482,0.3965,1506.7,0.6806,1025.5
4.25,1399636.28,2816.55,1.4622,2420,1.1929,1068.6,9.6322e-05,0.58277,0.4,1506.9,0.681,1026.2
4.25,1544426.24,2819.84,1.612,2393.1,1.1942,1069.6,9.6393e-05,0.57226,0.4031,1507,0.6814,1026.9
4.25,1689216.2,2822.75,1.7618,2369.5,1.1954,1070.6,9.6456e-05,0.56298,0.406,1507.2,0.6817,1027.4
4.25,1834006.16,2825.36,1.9114,2348.5,1.1964,1071.4,9.6512e-05,0.55471,0.4086,1507.3,0.682,1027.9
4.25,1978796.12,2827.71,2.061,2329.6,1.1974,1072.2,9.6563e-05,0.54725,0.4111,1507.3,0.6822,1028.4
4.25,2123586.08,2829.84,2.2105,2312.5,1.1983,1072.9,9.6609e-05,0.5405,0.4133,1507.4,0.6825,1028.8
4.25,2268376.04,2831.79,2.36,2297,1.1991,1073.6,9.6651e-05,0.53433,0.4155,1507.5,0.6827,1029.1
4.25,2413166,2833.59,2.5094,2282.7,1.1999,1074.2,9.669e-05,0.52867,0.4175,1507.6,0.6829,1029.5
4.25,2557955.96,2835.25,2.6588,2269.6,1.2006,1074.7,9.6725e-05,0.52345,0.4194,1507.6,0.6831,1029.8
4.25,2702745.92,2836.79,2.8081,2257.5,1.2013,1075.3,9.6759e-05,0.51862,0.4212,1507.7,0.6832,1030.1
4.25,2847535.88,2838.22,2.9574,2246.2,1.2019,1075.7,9.6789e-05,0.51412,0.4229,1507.7,0.6834,1030.3
4.25,2992325.84,2839.56,3.1067,2235.7,1.2025,1076.2,9.6818e-05,0.50992,0.4245,1507.8,0.6835,1030.6
4.25,3137115.8,2840.81,3.2559,2225.8,1.203,1076.6,9.6845e-05,0.50599,0.426,1507.8,0.6837,1030.8
4.25,3281905.76,2842,3.4051,2216.6,1.2036,1077,9.6871e-05,0.5023,0.4275,1507.9,0.6838,1031
4.25,3426695.72,2843.11,3.5543,2208,1.2041,1077.4,9.6895e-05,0.49882,0.4289,1507.9,0.6839,1031.3
4.25,3571485.68,2844.16,3.7034,2199.8,1.2045,1077.8,9.6917e-05,0.49554,0.4302,1507.9,0.684,1031.4
4.5,96526.64,2718.01,0.10513,3927,1.1472,1026.3,9.3881e-05,1.0491,0.3514,1498.2,0.6642,995.1
4.5,241316.6,2774.54,0.25869,3385,1.1581,1039.4,9.5108e-05,0.86797,0.3709,1504.2,0.6689,1006.1
4.5,386106.56,2801.04,0.41088,3143.6,1.1642,1045.9,9.5681e-05,0.78718,0.3821,1506.6,0.6713,1011.3
4.5,530896.52,2817.89,0.56237,2994.3,1.1685,1050.3,9.6044e-05,0.73709,0.3902,1507.9,0.6729,1014.6
4.5,675686.48,2830.02,0.71338,2888.8,1.1717,1053.5,9.6305e-05,0.70164,0.3965,1508.8,0.674,1017
4.5,820476.44,2839.38,0.86406,2808.6,1.1743,1056,9.6507e-05,0.67464,0.4018,1509.4,0.675,1018.8
4.5,965266.4,2846.92,1.0145,2744.7,1.1766,1058.1,9.6669e-05,0.65307,0.4063,1509.9,0.6757,1020.3
4.5,1110056.36,2853.2,1.1647,2692,1.1785,1059.8,9.6803e-05,0.63527,0.4102,1510.3,0.6763,1021.5
4.5,1254846.32,2858.54,1.3147,2647.6,1.1801,1061.3,9.6918e-05,0.62022,0.4137,1510.6,0.6769,1022.5
4.5,1399636.28,2863.17,1.4646,2609.3,1.1816,1062.6,9.7017e-05,0.60726,0.4169,1510.9,0.6774,1023.4
4.5,1544426.24,2867.24,1.6143,2575.9,1.183,1063.8,9.7104e-05,0.59592,0.4197,1511.1,0.6778,1024.2
4.5,1689216.2,2870.85,1.764,2546.4,1.1842,1064.9,9.7182e-05,0.58588,0.4224,1511.3,0.6781,1024.8
4.5,1834006.16,2874.1,1.9135,2520,1.1853,1065.8,9.7251e-05,0.5769,0.4248,1511.4,0.6785,1025.5
4.5,1978796.12,2877.04,2.063,2496.3,1.1863,1066.7,9.7314e-05,0.5688,0.4271,1511.6,0.6788,1026
4.5,2123586.08,2879.72,2.2124,2474.7,1.1872,1067.5,9.7372e-05,0.56145,0.4292,1511.7,0.6791,1026.5
4.5,2268376.04,2882.17,2.3617,2455,1.1881,1068.3,9.7424e-05,0.55473,0.4312,1511.8,0.6793,1027
4.5,2413166,2884.43,2.5109,2436.9,1.1889,1068.9,9.7473e-05,0.54854,0.433,1511.9,0.6795,1027.4
4.5,2557955.96,2886.53,2.6601,2420.3,1.1897,1069.6,9.7517e-05,0.54283,0.4348,1512,0.6798,1027.8
4.5,2702745.92,2888.47,2.8092,2404.8,1.1904,1070.2,9.7559e-05,0.53754,0.4365,1512.1,0.68,1028.2
4.5,2847535.88,2890.29,2.9583,2390.4,1.1911,1070.7,9.7598e-05,0.5326,0.438,1512.2,0.6801,1028.5
4.5,2992325.84,2891.99,3.1073,2377,1.1917,1071.3,9.7634e-05,0.52799,0.4395,1512.3,0.6803,1028.8
4.5,3137115.8,2893.59,3.2563,2364.4,1.1923,1071.8,9.7669e-05,0.52367,0.441,1512.3,0.6805,1029.1
4.5,3281905.76,2895.1,3.4052,2352.6,1.1929,1072.2,9.7701e-05,0.5196,0.4424,1512.4,0.6806,1029.4
4.5,3426695.72,2896.52,3.5541,2341.5,1.1934,1072.7,9.7731e-05,0.51577,0.4437,1512.5,0.6808,1029.7
4.5,3571485.68,2897.86,3.703,2331,1.194,1073.1,9.776e-05,0.51215,0.4449,1512.5,0.6809,1029.9
4.75,96526.64,2735.38,0.10601,4295.8,1.14,1018.9,9.3998e-05,1.08476,0.3722,1496.5,0.6604,988.3
4.75,241316.6,2797.29,0.26049,3716.2,1.1496,1032,9.5338e-05,0.9029,0.3924,1504.1,0.6647,999.8
4.75,386106.56,2826.99,0.41341,3451.1,1.1549,1038.6,9.5978e-05,0.82069,0.4036,1507.2,0.667,1005.4
4.75,530896.52,2846.17,0.5655,3284.1,1.1587,1043,9.6391e-05,0.76927,0.4115,1509.1,0.6686,1009
4.75,675686.48,2860.13,0.71704,3164.6,1.1617,1046.3,9.669e-05,0.73262,0.4177,1510.4,0.6698,1011.7
4.75,820476.44,2871,0.86817,3072.7,1.1641,1048.9,9.6923e-05,0.70455,0.4227,1511.3,0.6708,1013.7
4.75,965266.4,2879.83,1.019,2998.8,1.1662,1051.1,9.7112e-05,0.68202,0.427,1512,0.6716,1015.4
4.75,1110056.36,2887.23,1.1695,2937.4,1.168,1052.9,9.7271e-05,0.66335,0.4307,1512.6,0.6723,1016.8
4.75,1254846.32,2893.56,1.3199,2885.2,1.1696,1054.5,9.7406e-05,0.6475,0.434,1513,0.6728,1018
4.75,1399636.28,2899.07,1.47,2840,1.171,1055.9,9.7524e-05,0.63381,0.437,1513.4,0.6734,1019.1
4.75,1544426.24,2903.94,1.62,2800.3,1.1723,1057.2,9.7628e-05,0.62179,0.4397,1513.8,0.6738,1020
4.75,1689216.2,2908.29,1.7699,2765.1,1.1735,1058.3,9.7721e-05,0.61113,0.4421,1514.1,0.6742,1020.8
4.75,1834006.16,2912.2,1.9196,2733.5,1.1745,1059.3,9.7804e-05,0.60157,0.4444,1514.3,0.6746,1021.6
4.75,1978796.12,2915.76,2.0692,2704.9,1.1755,1060.3,9.788e-05,0.59293,0.4465,1514.5,0.675,1022.3
4.75,2123586.08,2919.01,2.2187,2678.9,1.1765,1061.1,9.795e-05,0.58506,0.4485,1514.7,0.6753,1022.9
4.75,2268376.04,2922,2.3682,2655,1.1773,1061.9,9.8013e-05,0.57785,0.4503,1514.9,0.6756,1023.4
4.75,2413166,2924.77,2.5175,2633,1.1781,1062.7,9.8072e-05,0.57122,0.4521,1515.1,0.6758,1024
4.75,2557955.96,2927.33,2.6668,2612.7,1.1789,1063.4,9.8127e-05,0.56507,0.4537,1515.2,0.6761,1024.4
4.75,2702745.92,2929.73,2.816,2593.8,1.1796,1064,9.8178e-05,0.55937,0.4552,1515.4,0.6763,1024.9
4.75,2847535.88,2931.96,2.9651,2576.1,1.1803,1064.7,9.8226e-05,0.55404,0.4567,1515.5,0.6765,1025.3
4.75,2992325.84,2934.06,3.1142,2559.6,1.1809,1065.2,9.827e-05,0.54906,0.4581,1515.6,0.6768,1025.7
4.75,3137115.8,2936.04,3.2632,2544.1,1.1816,1065.8,9.8313e-05,0.54438,0.4594,1515.7,0.6769,1026.1
4.75,3281905.76,2937.91,3.4121,2529.5,1.1821,1066.3,9.8352e-05,0.53998,0.4607,1515.8,0.6771,1026.4
4.75,3426695.72,2939.67,3.561,2515.7,1.1827,1066.8,9.839e-05,0.53582,0.4619,1515.9,0.6773,1026.7
4.75,3571485.68,2941.35,3.7099,2502.7,1.1832,1067.3,9.8425e-05,0.53189,0.4631,1516,0.6775,1027.1
5,96526.64,2745.47,0.10701,4619.7,1.1347,1011.7,9.3988e-05,1.11426,0.3897,1492.8,0.6574,981.4
5,241316.6,2811.47,0.26269,4029.2,1.143,1024.7,9.5417e-05,0.93458,0.4114,1501.9,0.6611,992.9
5,386106.56,2843.75,0.41664,3753.8,1.1476,1031.2,9.6112e-05,0.85249,0.4232,1505.9,0.6632,998.7
5,530896.52,2864.86,0.56965,3577.9,1.1509,1035.7,9.6565e-05,0.80075,0.4315,1508.4,0.6646,1002.5
5,675686.48,2880.38,0.72202,3450.5,1.1535,1039,9.6898e-05,0.76365,0.4378,1510.1,0.6658,1005.4
5,820476.44,2892.57,0.87392,3351.6,1.1556,1041.6,9.7159e-05,0.73507,0.443,1511.3,0.6667,1007.6
5,965266.4,2902.54,1.0254,3271.3,1.1574,1043.8,9.7373e-05,0.71204,0.4474,1512.3,0.6675,1009.4
5,1110056.36,2910.95,1.1767,3204.1,1.159,1045.7,9.7553e-05,0.69287,0.4511,1513.1,0.6682,1011
5,1254846.32,2918.18,1.3276,3146.6,1.1604,1047.3,9.7707e-05,0.67654,0.4544,1513.8,0.6688,1012.3
5,1399636.28,2924.52,1.4784,3096.5,1.1617,1048.7,9.7842e-05,0.66238,0.4574,1514.3,0.6693,1013.5
5,1544426.24,2930.14,1.6289,3052.3,1.1629,1050,9.7962e-05,0.64992,0.4601,1514.8,0.6697,1014.6
5,1689216.2,2935.18,1.7793,3012.8,1.1639,1051.2,9.807e-05,0.63883,0.4625,1515.3,0.6702,1015.5
5,1834006.16,2939.73,1.9295,2977.2,1.1649,1052.2,9.8167e-05,0.62886,0.4648,1515.6,0.6706,1016.3
5,1978796.12,2943.89,2.0796,2944.9,1.1658,1053.2,9.8256e-05,0.61983,0.4668,1516,0.6709,1017.1
5,2123586.08,2947.7,2.2296,2915.3,1.1667,1054.1,9.8337e-05,0.61158,0.4687,1516.3,0.6713,1017.8
5,2268376.04,2951.21,2.3795,2888,1.1675,1055,9.8412e-05,0.60402,0.4705,1516.5,0.6716,1018.5
5,2413166,2954.47,2.5292,2862.9,1.1682,1055.8,9.8481e-05,0.59703,0.4722,1516.8,0.6719,1019.1
5,2557955.96,2957.51,2.6789,2839.5,1.1689,1056.5,9.8546e-05,0.59056,0.4738,1517,0.6721,1019.7
5,2702745.92,2960.35,2.8285,2817.7,1.1696,1057.2,9.8606e-05,0.58453,0.4753,1517.2,0.6724,1020.2
5,2847535.88,2963.01,2.978,2797.2,1.1703,1057.8,9.8663e-05,0.5789,0.4767,1517.4,0.6726,1020.7
5,2992325.84,2965.51,3.1274,2778.1,1.1709,1058.4,9.8716e-05,0.57362,0.4781,1517.6,0.6729,1021.1
5,3137115.8,2967.87,3.2767,2760,1.1715,1059,9.8766e-05,0.56865,0.4794,1517.8,0.6731,1021.6
5,3281905.76,2970.11,3.426,2743,1.172,1059.6,9.8814e-05,0.56397,0.4806,1517.9,0.6733,1022
5,3426695.72,2972.22,3.5752,2726.8,1.1726,1060.1,9.8859e-05,0.55954,0.4818,1518.1,0.6735,1022.4
5,3571485.68,2974.23,3.7244,2711.5,1.1731,1060.6,9.8902e-05,0.55535,0.4829,1518.2,0.6737,1022.8
5.25,96526.64,2749.75,0.10812,4873.2,1.131,1004.9,9.3879e-05,1.13616,0.4027,1487.7,0.6552,974.7
5.25,241316.6,2818.57,0.2652,4292.2,1.1381,1017.6,9.537e-05,0.96113,0.4259,1498,0.6583,986.1
5.25,386106.56,2852.72,0.42043,4018.6,1.1421,1024.1,9.6106e-05,0.88061,0.4386,1502.7,0.6601,991.9
5.25,530896.52,2875.27,0.57463,3842.3,1.1449,1028.5,9.6591e-05,0.82959,0.4474,1505.7,0.6613,995.7
5.25,675686.48,2892,0.72812,3713.7,1.1471,1031.7,9.695e-05,0.79282,0.4541,1507.7,0.6623,998.6
5.25,820476.44,2905.22,0.88108,3613.2,1.1489,1034.4,9.7233e-05,0.76439,0.4596,1509.3,0.6631,1000.9
5.25,965266.4,2916.11,1.0336,3531.1,1.1505,1036.5,9.7466e-05,0.74138,0.4642,1510.6,0.6638,1002.8
5.25,1110056.36,2925.33,1.1858,3462.1,1.1519,1038.4,9.7664e-05,0.72217,0.4682,1511.7,0.6644,1004.4
5.25,1254846.32,2933.31,1.3377,3402.6,1.1531,1040,9.7834e-05,0.70576,0.4717,1512.6,0.665,1005.8
5.25,1399636.28,2940.32,1.4894,3350.6,1.1542,1041.5,9.7984e-05,0.69148,0.4748,1513.3,0.6655,1007.1
5.25,1544426.24,2946.57,1.6408,3304.5,1.1552,1042.8,9.8118e-05,0.67888,0.4776,1514,0.6659,1008.2
5.25,1689216.2,2952.2,1.792,3263.1,1.1561,1043.9,9.8238e-05,0.66763,0.4801,1514.6,0.6663,1009.2
5.25,1834006.16,2957.3,1.9431,3225.6,1.157,1045,9.8347e-05,0.6575,0.4825,1515.1,0.6667,1010.1
5.25,1978796.12,2961.97,2.0939,3191.4,1.1578,1046,9.8446e-05,0.6483,0.4846,1515.6,0.667,1010.9
5.25,2123586.08,2966.27,2.2447,3160.1,1.1585,1046.9,9.8538e-05,0.63989,0.4866,1516,0.6673,1011.7
5.25,2268376.04,2970.25,2.3953,3131.1,1.1592,1047.8,9.8623e-05,0.63214,0.4885,1516.4,0.6676,1012.4
5.25,2413166,2973.95,2.5458,3104.2,1.1599,1048.6,9.8702e-05,0.62498,0.4902,1516.7,0.6679,1013.1
5.25,2557955.96,2977.4,2.6962,3079.1,1.1605,1049.3,9.8775e-05,0.61833,0.4919,1517.1,0.6682,1013.7
5.25,2702745.92,2980.64,2.8464,3055.7,1.1611,1050,9.8844e-05,0.61213,0.4934,1517.4,0.6685,1014.3
5.25,2847535.88,2983.68,2.9966,3033.7,1.1617,1050.7,9.8909e-05,0.60633,0.4949,1517.6,0.6687,1014.8
5.25,2992325.84,2986.55,3.1467,3012.9,1.1622,1051.3,9.897e-05,0.60087,0.4963,1517.9,0.6689,1015.3
5.25,3137115.8,2989.26,3.2967,2993.3,1.1628,1051.9,9.9028e-05,0.59574,0.4976,1518.1,0.6691,1015.8
5.25,3281905.76,2991.83,3.4466,2974.8,1.1633,1052.5,9.9083e-05,0.59088,0.4988,1518.4,0.6693,1016.3
5.25,3426695.72,2994.27,3.5964,2957.2,1.1637,1053,9.9135e-05,0.58629,0.5,1518.6,0.6695,1016.7
5.25,3571485.68,2996.6,3.7462,2940.5,1.1642,1053.5,9.9184e-05,0.58193,0.5012,1518.8,0.6697,1017.2
5.5,96526.64,2749.45,0.10929,5045.6,1.1284,998.3,9.3692e-05,1.14912,0.4114,1481.4,0.6537,968.4
5.5,241316.6,2819.97,0.26795,4485.3,1.1347,1010.9,9.5222e-05,0.98042,0.4356,1492.5,0.6563,979.5
5.5,386106.56,2855.32,0.42466,4221,1.1382,1017.3,9.5985e-05,0.90258,0.4489,1497.8,0.6578,985.2
5.5,530896.52,2878.84,0.58027,4050.3,1.1406,1021.6,9.6491e-05,0.85312,0.4581,1501.1,0.6588,989
5.5,675686.48,2896.39,0.73511,3925.4,1.1426,1024.8,9.6869e-05,0.81738,0.4652,1503.6,0.6596,991.8
5.5,820476.44,2910.33,0.88938,3827.5,1.1441,1027.4,9.7168e-05,0.78967,0.471,1505.5,0.6603,994.1
5.5,965266.4,2921.86,1.0432,3747.3,1.1455,1029.5,9.7416e-05,0.76719,0.4758,1507,0.6609,996
5.5,1110056.36,2931.67,1.1966,3679.7,1.1466,1031.3,9.7626e-05,0.74839,0.48,1508.3,0.6614,997.6
5.5,1254846.32,2940.19,1.3497,3621.3,1.1477,1033,9.7808e-05,0.73228,0.4837,1509.3,0.6619,999
5.5,1399636.28,2947.71,1.5026,3570.1,1.1486,1034.4,9.7969e-05,0.71824,0.487,1510.3,0.6623,1000.3
5.5,1544426.24,2954.43,1.6551,3524.6,1.1495,1035.7,9.8113e-05,0.70583,0.4899,1511.1,0.6627,1001.4
5.5,1689216.2,2960.5,1.8075,3483.6,1.1503,1036.8,9.8243e-05,0.69473,0.4926,1511.9,0.663,1002.4
5.5,1834006.16,2966.02,1.9597,3446.4,1.151,1037.9,9.8361e-05,0.68471,0.4951,1512.5,0.6634,1003.3
5.5,1978796.12,2971.08,2.1116,3412.5,1.1517,1038.9,9.8469e-05,0.6756,0.4974,1513.1,0.6637,1004.2
5.5,2123586.08,2975.76,2.2635,3381.2,1.1523,1039.8,9.8569e-05,0.66725,0.4995,1513.7,0.6639,1005
5.5,2268376.04,2980.09,2.4151,3352.2,1.1529,1040.6,9.8662e-05,0.65956,0.5014,1514.2,0.6642,1005.7
5.5,2413166,2984.13,2.5666,3325.3,1.1535,1041.4,9.8748e-05,0.65243,0.5033,1514.6,0.6645,1006.4
5.5,2557955.96,2987.91,2.718,3300.1,1.154,1042.1,9.8829e-05,0.6458,0.505,1515,0.6647,1007
5.5,2702745.92,2991.46,2.8693,3276.6,1.1545,1042.8,9.8904e-05,0.63961,0.5067,1515.4,0.6649,1007.6
5.5,2847535.88,2994.81,3.0205,3254.4,1.155,1043.5,9.8976e-05,0.63381,0.5082,1515.8,0.6651,1008.2
5.5,2992325.84,2997.97,3.1715,3233.4,1.1555,1044.1,9.9043e-05,0.62835,0.5097,1516.2,0.6653,1008.8
5.5,3137115.8,3000.97,3.3225,3213.6,1.1559,1044.7,9.9107e-05,0.6232,0.5111,1516.5,0.6655,1009.3
5.5,3281905.76,3003.81,3.4733,3194.8,1.1563,1045.3,9.9168e-05,0.61833,0.5124,1516.8,0.6657,1009.8
5.5,3426695.72,3006.52,3.6241,3177,1.1567,1045.8,9.9225e-05,0.61371,0.5137,1517.1,0.6659,1010.2
5.5,3571485.68,3009.1,3.7748,3159.9,1.1571,1046.3,9.928e-05,0.60933,0.5149,1517.4,0.6661,1010.7
5.75,96526.64,2745.56,0.1105,5138.7,1.1267,992.1,9.3445e-05,1.15232,0.4167,1474.3,0.6527,962.3
5.75,241316.6,2816.85,0.27087,4602.6,1.1325,1004.5,9.4994e-05,0.99077,0.4413,1485.9,0.655,973.2
5.75,386106.56,2852.83,0.42921,4350.5,1.1356,1010.7,9.5772e-05,0.91625,0.4547,1491.5,0.6562,978.8
5.75,530896.52,2876.89,0.5864,4187.8,1.1378,1014.9,9.6291e-05,0.86886,0.4641,1495.2,0.6571,982.5
5.75,675686.48,2894.91,0.74279,4068.8,1.1395,1018.1,9.668e-05,0.8346,0.4713,1497.8,0.6578,985.3
5.75,820476.44,2909.28,0.89858,3975.6,1.1409,1020.6,9.6989e-05,0.80801,0.4772,1499.9,0.6584,987.5
5.75,965266.4,2921.2,1.0539,3899.3,1.1421,1022.8,9.7245e-05,0.78642,0.4822,1501.6,0.6589,989.3
5.75,1110056.36,2931.37,1.2088,3834.9,1.1431,1024.6,9.7464e-05,0.76835,0.4864,1503.1,0.6593,990.9
5.75,1254846.32,2940.23,1.3633,3779.2,1.144,1026.1,9.7654e-05,0.75285,0.4902,1504.3,0.6597,992.3
5.75,1399636.28,2948.07,1.5176,3730.4,1.1448,1027.5,9.7822e-05,0.73933,0.4936,1505.4,0.66,993.5
5.75,1544426.24,2955.08,1.6715,3687,1.1455,1028.8,9.7973e-05,0.72736,0.4966,1506.3,0.6603,994.6
5.75,1689216.2,2961.43,1.8253,3647.9,1.1462,1029.9,9.8109e-05,0.71666,0.4994,1507.2,0.6606,995.6
5.75,1834006.16,2967.23,1.9788,3612.4,1.1468,1031,9.8233e-05,0.70698,0.5019,1508,0.6609,996.6
5.75,1978796.12,2972.55,2.1321,3579.9,1.1474,1031.9,9.8347e-05,0.69817,0.5043,1508.7,0.6611,997.4
5.75,2123586.08,2977.47,2.2853,3550,1.148,1032.8,9.8452e-05,0.6901,0.5065,1509.3,0.6613,998.2
5.75,2268376.04,2982.05,2.4383,3522.3,1.1485,1033.7,9.855e-05,0.68265,0.5085,1509.9,0.6616,998.9
5.75,2413166,2986.32,2.5911,3496.5,1.149,1034.4,9.8642e-05,0.67574,0.5104,1510.5,0.6618,999.6
5.75,2557955.96,2990.32,2.7438,3472.4,1.1494,1035.2,9.8727e-05,0.66931,0.5122,1511,0.662,1000.2
5.75,2702745.92,2994.08,2.8964,3449.7,1.1499,1035.8,9.8808e-05,0.6633,0.5139,1511.5,0.6622,1000.8
5.75,2847535.88,2997.64,3.0488,3428.5,1.1503,1036.5,9.8884e-05,0.65766,0.5155,1511.9,0.6623,1001.4
5.75,2992325.84,3001,3.2011,3408.3,1.1507,1037.1,9.8956e-05,0.65236,0.517,1512.3,0.6625,1001.9
5.75,3137115.8,3004.19,3.3533,3389.3,1.151,1037.7,9.9024e-05,0.64735,0.5185,1512.7,0.6627,1002.4
5.75,3281905.76,3007.23,3.5054,3371.2,1.1514,1038.3,9.9089e-05,0.6426,0.5198,1513.1,0.6628,1002.9
5.75,3426695.72,3010.12,3.6574,3354,1.1518,1038.8,9.9151e-05,0.63811,0.5212,1513.5,0.663,1003.4
5.75,3571485.68,3012.88,3.8093,3337.6,1.1521,1039.3,9.921e-05,0.63383,0.5224,1513.8,0.6631,1003.8
6,96526.64,2738.84,0.11175,5161.7,1.1257,986.1,9.3151e-05,1.14562,0.4197,1466.7,0.6521,956.5
6,241316.6,2810.16,0.27391,4648.6,1.1312,998.3,9.4703e-05,0.99134,0.4441,1478.5,0.6542,967.2
6,386106.56,2846.3,0.434,4408.3,1.1341,1004.5,9.5487e-05,0.9203,0.4574,1484.3,0.6553,972.7
6,530896.52,2870.54,0.59291,4253.7,1.1361,1008.6,9.6011e-05,0.87517,0.4667,1488.1,0.6561,976.3
6,675686.48,2888.74,0.751,4140.8,1.1377,1011.7,9.6404e-05,0.84256,0.4738,1490.9,0.6567,979
6,820476.44,2903.28,0.90846,4052.4,1.1389,1014.2,9.6718e-05,0.81726,0.4796,1493.1,0.6572,981.2
6,965266.4,2915.37,1.0654,3980.2,1.14,1016.3,9.6978e-05,0.79672,0.4845,1494.9,0.6576,983
6,1110056.36,2925.7,1.2219,3919.3,1.1409,1018.1,9.7201e-05,0.77952,0.4887,1496.4,0.6579,984.5
6,1254846.32,2934.71,1.3781,3866.8,1.1417,1019.6,9.7395e-05,0.76478,0.4924,1497.7,0.6583,985.9
6,1399636.28,2942.7,1.534,3820.7,1.1424,1021,9.7567e-05,0.75192,0.4958,1498.9,0.6586,987.1
6,1544426.24,2949.86,1.6895,3779.7,1.1431,1022.2,9.7721e-05,0.74054,0.4988,1499.9,0.6588,988.2
6,1689216.2,2956.35,1.8449,3742.8,1.1437,1023.3,9.786e-05,0.73035,0.5015,1500.9,0.6591,989.2
6,1834006.16,2962.28,2,3709.4,1.1443,1024.4,9.7987e-05,0.72115,0.504,1501.7,0.6593,990
6,1978796.12,2967.73,2.1549,3678.8,1.1448,1025.3,9.8105e-05,0.71277,0.5063,1502.5,0.6595,990.9
6,2123586.08,2972.78,2.3096,3650.6,1.1453,1026.2,9.8213e-05,0.70508,0.5085,1503.2,0.6597,991.6
6,2268376.04,2977.48,2.4641,3624.5,1.1457,1027,9.8314e-05,0.69799,0.5105,1503.8,0.6599,992.3
6,2413166,2981.87,2.6185,3600.3,1.1461,1027.7,9.8408e-05,0.69142,0.5124,1504.5,0.66,993
6,2557955.96,2985.99,2.7727,3577.6,1.1465,1028.5,9.8496e-05,0.6853,0.5142,1505,0.6602,993.6
6,2702745.92,2989.87,2.9268,3556.4,1.1469,1029.1,9.858e-05,0.67958,0.5159,1505.6,0.6604,994.2
6,2847535.88,2993.54,3.0808,3536.3,1.1473,1029.8,9.8658e-05,0.6742,0.5175,1506.1,0.6605,994.8
6,2992325.84,2997.01,3.2346,3517.4,1.1476,1030.4,9.8733e-05,0.66915,0.519,1506.6,0.6606,995.3
6,3137115.8,3000.31,3.3883,3499.5,1.148,1031,9.8803e-05,0.66437,0.5204,1507,0.6608,995.8
6,3281905.76,3003.45,3.5419,3482.6,1.1483,1031.5,9.8871e-05,0.65986,0.5218,1507.4,0.6609,996.3
6,3426695.72,3006.44,3.6954,3466.4,1.1486,1032,9.8935e-05,0.65557,0.5231,1507.8,0.661,996.7
6,3571485.68,3009.31,3.8487,3451,1.1489,1032.5,9.8996e-05,0.65149,0.5244,1508.2,0.6611,997.2
6.25,96526.64,2729.88,0.11302,5126.6,1.1253,980.4,9.282e-05,1.12951,0.4213,1458.7,0.6519,950.9
6.25,241316.6,2800.64,0.27704,4633.5,1.1306,992.4,9.4363e-05,0.98211,0.4452,1470.5,0.6538,961.5
6.25,386106.56,2836.56,0.43897,4403.2,1.1334,998.4,9.5144e-05,0.9144,0.4582,1476.3,0.6549,966.8
6.25,530896.52,2860.68,0.5997,4255.3,1.1353,1002.5,9.5667e-05,0.87144,0.4672,1480.2,0.6556,970.4
6.25,675686.48,2878.82,0.7596,4147.6,1.1368,1005.6,9.6059e-05,0.84043,0.4741,1483,0.6561,973
6.25,820476.44,2893.32,0.91886,4063.3,1.138,1008,9.6373e-05,0.81639,0.4797,1485.2,0.6566,975.2
6.25,965266.4,2905.39,1.0776,3994.5,1.139,1010.1,9.6634e-05,0.79689,0.4844,1487.1,0.657,976.9
6.25,1110056.36,2915.72,1.2359,3936.6,1.1398,1011.8,9.6857e-05,0.78057,0.4885,1488.6,0.6573,978.5
6.25,1254846.32,2924.74,1.3939,3886.7,1.1406,1013.3,9.7051e-05,0.76659,0.4921,1490,0.6576,979.8
6.25,1399636.28,2932.73,1.5515,3842.9,1.1413,1014.7,9.7224e-05,0.7544,0.4953,1491.2,0.6578,981
6.25,1544426.24,2939.9,1.7088,3804,1.1419,1015.9,9.7378e-05,0.74361,0.4981,1492.3,0.6581,982
6.25,1689216.2,2946.41,1.8659,3769.1,1.1424,1017,9.7519e-05,0.73396,0.5008,1493.2,0.6583,983
6.25,1834006.16,2952.36,2.0228,3737.4,1.143,1018,9.7647e-05,0.72525,0.5032,1494.1,0.6585,983.8
6.25,1978796.12,2957.83,2.1794,3708.4,1.1434,1018.9,9.7765e-05,0.71731,0.5054,1494.9,0.6587,984.6
6.25,2123586.08,2962.91,2.3359,3681.8,1.1439,1019.8,9.7874e-05,0.71004,0.5075,1495.7,0.6588,985.4
6.25,2268376.04,2967.63,2.4921,3657.1,1.1443,1020.6,9.7975e-05,0.70333,0.5094,1496.3,0.659,986.1
6.25,2413166,2972.05,2.6482,3634.2,1.1447,1021.3,9.807e-05,0.69711,0.5113,1497,0.6591,986.7
6.25,2557955.96,2976.19,2.8042,3612.8,1.1451,1022,9.816e-05,0.69132,0.513,1497.6,0.6593,987.3
6.25,2702745.92,2980.1,2.96,3592.7,1.1454,1022.7,9.8244e-05,0.6859,0.5146,1498.1,0.6594,987.9
6.25,2847535.88,2983.79,3.1156,3573.8,1.1458,1023.3,9.8323e-05,0.68083,0.5161,1498.7,0.6595,988.4
6.25,2992325.84,2987.29,3.2712,3556,1.1461,1023.9,9.8398e-05,0.67605,0.5176,1499.2,0.6597,988.9
6.25,3137115.8,2990.62,3.4266,3539.2,1.1464,1024.5,9.847e-05,0.67153,0.519,1499.6,0.6598,989.4
6.25,3281905.76,2993.79,3.5819,3523.2,1.1467,1025,9.8538e-05,0.66726,0.5203,1500.1,0.6599,989.9
6.25,3426695.72,2996.81,3.7371,3508,1.1469,1025.5,9.8603e-05,0.66321,0.5215,1500.5,0.66,990.3
6.25,3571485.68,2999.7,3.8921,3493.5,1.1472,1026,9.8665e-05,0.65936,0.5228,1500.9,0.6601,990.8
6.5,96526.64,2719.1,0.1143,5045.7,1.1253,974.9,9.2459e-05,1.10493,0.4222,1450.5,0.6519,945.6
6.5,241316.6,2788.83,0.28024,4569.2,1.1305,986.7,9.3983e-05,0.96376,0.4456,1462.2,0.6538,956
6.5,386106.56,2824.23,0.44407,4346.9,1.1333,992.7,9.4754e-05,0.89904,0.4581,1467.9,0.6548,961.2
6.5,530896.52,2848,0.60671,4204.3,1.1352,996.7,9.5271e-05,0.85803,0.4668,1471.7,0.6555,964.7
6.5,675686.48,2865.88,0.76851,4100.4,1.1366,999.7,9.5659e-05,0.82844,0.4735,1474.5,0.656,967.3
6.5,820476.44,2880.19,0.92967,4019.3,1.1378,1002.1,9.5969e-05,0.80553,0.4788,1476.7,0.6565,969.4
6.5,965266.4,2892.09,1.0903,3953,1.1388,1004.1,9.6227e-05,0.78695,0.4834,1478.5,0.6568,971.1
6.5,1110056.36,2902.28,1.2505,3897.3,1.1396,1005.8,9.6448e-05,0.77141,0.4873,1480.1,0.6572,972.6
6.5,1254846.32,2911.17,1.4104,3849.2,1.1404,1007.3,9.664e-05,0.7581,0.4907,1481.4,0.6574,973.9
6.5,1399636.28,2919.06,1.5699,3807.1,1.141,1008.6,9.681e-05,0.7465,0.4937,1482.6,0.6577,975.1
6.5,1544426.24,2926.14,1.7291,3769.8,1.1416,1009.8,9.6964e-05,0.73624,0.4965,1483.7,0.6579,976.1
6.5,1689216.2,2932.57,1.8881,3736.2,1.1422,1010.9,9.7102e-05,0.72706,0.499,1484.6,0.6581,977
6.5,1834006.16,2938.44,2.0468,3705.7,1.1427,1011.9,9.7229e-05,0.71877,0.5013,1485.5,0.6583,977.9
6.5,1978796.12,2943.85,2.2053,3677.9,1.1432,1012.8,9.7346e-05,0.71123,0.5034,1486.3,0.6585,978.7
6.5,2123586.08,2948.86,2.3637,3652.4,1.1436,1013.6,9.7454e-05,0.70432,0.5054,1487,0.6586,979.4
6.5,2268376.04,2953.52,2.5218,3628.7,1.144,1014.4,9.7555e-05,0.69794,0.5072,1487.7,0.6588,980.1
6.5,2413166,2957.89,2.6798,3606.7,1.1444,1015.1,9.7649e-05,0.69204,0.5089,1488.4,0.6589,980.7
6.5,2557955.96,2961.99,2.8376,3586.2,1.1447,1015.8,9.7737e-05,0.68654,0.5105,1489,0.6591,981.3
6.5,2702745.92,2965.85,2.9953,3566.9,1.1451,1016.5,9.782e-05,0.6814,0.5121,1489.5,0.6592,981.9
6.5,2847535.88,2969.5,3.1528,3548.8,1.1454,1017.1,9.7899e-05,0.67658,0.5135,1490,0.6593,982.4
6.5,2992325.84,2972.96,3.3103,3531.7,1.1457,1017.7,9.7973e-05,0.67205,0.5149,1490.5,0.6594,982.9
6.5,3137115.8,2976.25,3.4675,3515.6,1.146,1018.2,9.8044e-05,0.66777,0.5162,1491,0.6595,983.4
6.5,3281905.76,2979.38,3.6247,3500.3,1.1463,1018.8,9.8112e-05,0.66371,0.5174,1491.5,0.6596,983.8
6.5,3426695.72,2982.37,3.7818,3485.7,1.1465,1019.3,9.8176e-05,0.65987,0.5186,1491.9,0.6597,984.3
6.5,3571485.68,2985.23,3.9387,3471.8,1.1468,1019.7,9.8238e-05,0.65622,0.5197,1492.3,0.6598,984.7
6.75,96526.64,2706.83,0.11559,4929.9,1.1257,969.6,9.2074e-05,1.07305,0.423,1442.2,0.6521,940.4
6.75,241316.6,2775.15,0.28348,4467.4,1.131,981.2,9.3571e-05,0.93744,0.4459,1453.5,0.654,950.6
6.75,386106.56,2809.78,0.44928,4251.5,1.1337,987.1,9.4327e-05,0.87534,0.4581,1459.1,0.6551,955.8
6.75,530896.52,2833.03,0.61389,4112.9,1.1356,991,9.4834e-05,0.836,0.4666,1462.7,0.6558,959.2
6.75,675686.48,2850.5,0.77766,4011.9,1.1371,994,9.5214e-05,0.80764,0.473,1465.5,0.6563,961.8
6.75,820476.44,2864.47,0.9408,3933,1.1383,996.3,9.5517e-05,0.78567,0.4781,1467.6,0.6567,963.8
6.75,965266.4,2876.09,1.1034,3868.5,1.1393,998.3,9.577e-05,0.76786,0.4825,1469.4,0.6571,965.6
6.75,1110056.36,2886.03,1.2656,3814.3,1.1401,1000,9.5985e-05,0.75297,0.4862,1470.9,0.6574,967
6.75,1254846.32,2894.71,1.4274,3767.5,1.1409,1001.5,9.6174e-05,0.74021,0.4895,1472.2,0.6577,968.3
6.75,1399636.28,2902.41,1.589,3726.6,1.1416,1002.8,9.634e-05,0.72909,0.4924,1473.3,0.658,969.4
6.75,1544426.24,2909.31,1.7502,3690.2,1.1422,1003.9,9.649e-05,0.71926,0.495,1474.4,0.6582,970.4
6.75,1689216.2,2915.57,1.9111,3657.5,1.1427,1005,9.6625e-05,0.71047,0.4974,1475.3,0.6584,971.3
6.75,1834006.16,2921.3,2.0719,3627.9,1.1432,1006,9.6749e-05,0.70253,0.4996,1476.1,0.6586,972.2
6.75,1978796.12,2926.57,2.2324,3600.8,1.1437,1006.9,9.6863e-05,0.6953,0.5016,1476.9,0.6588,972.9
6.75,2123586.08,2931.45,2.3927,3575.9,1.1441,1007.7,9.6969e-05,0.68867,0.5035,1477.6,0.6589,973.7
6.75,2268376.04,2935.99,2.5529,3552.9,1.1445,1008.5,9.7067e-05,0.68257,0.5053,1478.3,0.6591,974.3
6.75,2413166,2940.24,2.7129,3531.5,1.1449,1009.2,9.7159e-05,0.67691,0.5069,1478.9,0.6592,974.9
6.75,2557955.96,2944.23,2.8727,3511.5,1.1453,1009.9,9.7245e-05,0.67164,0.5084,1479.5,0.6594,975.5
6.75,2702745.92,2947.99,3.0324,3492.7,1.1456,1010.5,9.7327e-05,0.66672,0.5099,1480,0.6595,976.1
6.75,2847535.88,2951.54,3.192,3475.1,1.146,1011.1,9.7403e-05,0.6621,0.5112,1480.5,0.6596,976.6
6.75,2992325.84,2954.91,3.3514,3458.5,1.1463,1011.7,9.7476e-05,0.65775,0.5125,1481,0.6597,977.1
6.75,3137115.8,2958.11,3.5107,3442.7,1.1466,1012.2,9.7545e-05,0.65365,0.5138,1481.5,0.6598,977.5
6.75,3281905.76,2961.16,3.6699,3427.8,1.1469,1012.7,9.7611e-05,0.64977,0.5149,1481.9,0.66,978
6.75,3426695.72,2964.07,3.8289,3413.6,1.1471,1013.2,9.7674e-05,0.64609,0.5161,1482.3,0.6601,978.4
6.75,3571485.68,2966.85,3.9879,3400.1,1.1474,1013.7,9.7734e-05,0.64259,0.5171,1482.7,0.6602,978.8
7,96526.64,2693.3,0.11689,4788.8,1.1264,964.5,9.167e-05,1.03522,0.4241,1433.7,0.6525,935.5
7,241316.6,2759.91,0.28677,4338.3,1.1318,975.9,9.3132e-05,0.90457,0.4467,1444.6,0.6545,945.5
7,386106.56,2793.59,0.45458,4127.7,1.1346,981.7,9.3869e-05,0.84475,0.4587,1450,0.6556,950.6
7,530896.52,2816.16,0.62121,3992.3,1.1366,985.6,9.4362e-05,0.80686,0.4669,1453.5,0.6563,953.9
7,675686.48,2833.1,0.78702,3893.6,1.1381,988.5,9.4731e-05,0.77953,0.4732,1456.1,0.6569,956.5
7,820476.44,2846.63,0.9522,3816.4,1.1393,990.8,9.5026e-05,0.75835,0.4782,1458.1,0.6573,958.5
7,965266.4,2857.88,1.1169,3753.4,1.1403,992.7,9.5271e-05,0.74119,0.4824,1459.8,0.6577,960.1
7,1110056.36,2867.49,1.2811,3700.3,1.1412,994.4,9.548e-05,0.72683,0.4861,1461.3,0.658,961.6
7,1254846.32,2875.88,1.445,3654.5,1.142,995.8,9.5662e-05,0.71453,0.4893,1462.5,0.6583,962.8
7,1399636.28,2883.3,1.6086,3614.4,1.1427,997.1,9.5823e-05,0.7038,0.4921,1463.6,0.6586,963.9
7,1544426.24,2889.97,1.7719,3578.7,1.1433,998.3,9.5968e-05,0.69431,0.4946,1464.6,0.6588,964.9
7,1689216.2,2896.01,1.935,3546.6,1.1439,999.3,9.6099e-05,0.68583,0.497,1465.4,0.6591,965.8
7,1834006.16,2901.52,2.0978,3517.6,1.1444,1000.3,9.6219e-05,0.67816,0.4991,1466.2,0.6593,966.6
7,1978796.12,2906.6,2.2604,3491,1.1449,1001.1,9.6329e-05,0.67119,0.501,1467,0.6595,967.4
7,2123586.08,2911.3,2.4229,3466.6,1.1454,1001.9,9.6431e-05,0.66479,0.5028,1467.6,0.6596,968.1
7,2268376.04,2915.67,2.5851,3444,1.1458,1002.7,9.6526e-05,0.65889,0.5045,1468.2,0.6598,968.7
7,2413166,2919.76,2.7472,3422.9,1.1462,1003.4,9.6614e-05,0.65343,0.5061,1468.8,0.6599,969.3
7,2557955.96,2923.6,2.9092,3403.3,1.1466,1004.1,9.6697e-05,0.64834,0.5076,1469.4,0.6601,969.9
7,2702745.92,2927.21,3.071,3384.9,1.1469,1004.7,9.6776e-05,0.64358,0.509,1469.9,0.6602,970.4
7,2847535.88,2930.63,3.2327,3367.5,1.1473,1005.3,9.685e-05,0.63912,0.5103,1470.3,0.6604,971
7,2992325.84,2933.86,3.3942,3351.2,1.1476,1005.8,9.692e-05,0.63491,0.5116,1470.8,0.6605,971.4
7,3137115.8,2936.94,3.5556,3335.7,1.1479,1006.4,9.6986e-05,0.63095,0.5128,1471.2,0.6606,971.9
7,3281905.76,2939.86,3.7169,3321.1,1.1482,1006.9,9.705e-05,0.62719,0.5139,1471.6,0.6607,972.3
7,3426695.72,2942.65,3.8781,3307.1,1.1485,1007.4,9.711e-05,0.62363,0.515,1472,0.6608,972.7
7,3571485.68,2945.32,4.0393,3293.8,1.1488,1007.8,9.7168e-05,0.62025,0.516,1472.4,0.6609,973.1
7.2,96526.64,2681.71,0.11793,4662.9,1.1272,960.5,9.1334e-05,1.00155,0.4252,1426.9,0.6529,931.6
7.2,241316.6,2746.76,0.28942,4221.2,1.1327,971.8,9.2765e-05,0.87455,0.4478,1437.4,0.655,941.5
7.2,386106.56,2779.57,0.45887,4014.4,1.1356,977.5,9.3484e-05,0.81639,0.4597,1442.6,0.6561,946.5
7.2,530896.52,2801.51,0.62715,3881.4,1.1377,981.4,9.3964e-05,0.77953,0.4679,1445.9,0.6569,949.8
7.2,675686.48,2817.95,0.79463,3784.4,1.1392,984.2,9.4323e-05,0.75294,0.4741,1448.4,0.6575,952.3
7.2,820476.44,2831.07,0.9615,3708.4,1.1405,986.5,9.4609e-05,0.73234,0.4791,1450.4,0.658,954.3
7.2,965266.4,2841.97,1.1279,3646.4,1.1415,988.4,9.4847e-05,0.71563,0.4833,1452,0.6584,955.9
7.2,1110056.36,2851.27,1.2938,3594.1,1.1424,990,9.5049e-05,0.70164,0.4869,1453.3,0.6587,957.3
7.2,1254846.32,2859.37,1.4594,3549,1.1433,991.5,9.5226e-05,0.68966,0.49,1454.5,0.659,958.6
7.2,1399636.28,2866.55,1.6247,3509.5,1.144,992.7,9.5382e-05,0.67921,0.4928,1455.5,0.6593,959.6
7.2,1544426.24,2872.98,1.7898,3474.3,1.1446,993.8,9.5522e-05,0.66997,0.4954,1456.4,0.6596,960.6
7.2,1689216.2,2878.81,1.9545,3442.7,1.1452,994.9,9.5649e-05,0.66169,0.4977,1457.3,0.6598,961.5
7.2,1834006.16,2884.13,2.1191,3414.1,1.1458,995.8,9.5764e-05,0.65422,0.4998,1458,0.66,962.3
7.2,1978796.12,2889.02,2.2835,3387.9,1.1463,996.7,9.5871e-05,0.64742,0.5017,1458.7,0.6602,963
7.2,2123586.08,2893.55,2.4476,3363.8,1.1468,997.5,9.5969e-05,0.64118,0.5035,1459.3,0.6604,963.7
7.2,2268376.04,2897.76,2.6116,3341.5,1.1472,998.2,9.606e-05,0.63542,0.5051,1459.9,0.6606,964.4
7.2,2413166,2901.69,2.7755,3320.7,1.1476,998.9,9.6146e-05,0.63009,0.5067,1460.4,0.6607,965
7.2,2557955.96,2905.38,2.9392,3301.4,1.148,999.6,9.6226e-05,0.62512,0.5082,1460.9,0.6609,965.5
7.2,2702745.92,2908.86,3.1028,3283.2,1.1484,1000.2,9.6301e-05,0.62048,0.5096,1461.4,0.661,966
7.2,2847535.88,2912.14,3.2662,3266.1,1.1488,1000.8,9.6372e-05,0.61612,0.5109,1461.9,0.6612,966.5
7.2,2992325.84,2915.25,3.4295,3250,1.1491,1001.3,9.644e-05,0.61202,0.5121,1462.3,0.6613,967
7.2,3137115.8,2918.2,3.5927,3234.7,1.1494,1001.8,9.6504e-05,0.60815,0.5133,1462.7,0.6614,967.5
7.2,3281905.76,2921,3.7558,3220.2,1.1497,1002.3,9.6565e-05,0.60448,0.5144,1463.1,0.6616,967.9
7.2,3426695.72,2923.68,3.9188,3206.4,1.15,1002.8,9.6623e-05,0.601,0.5155,1463.4,0.6617,968.3
7.2,3571485.68,2926.24,4.0817,3193.3,1.1503,1003.3,9.6678e-05,0.59769,0.5165,1463.8,0.6618,968.7
