0,0
0,0
0,0
0,0
0,0
0,0
0,0
0,0
0,0
0,0
283,65.3635
451,63.4462
548,60.9683
690,55.1231
844,45.3585
992,36.8565
1256,27.7149
1367,23.718
1500,20.761
1649,18.4708
1806,16.8339
1947,15.1466
2104,14.3554
2259,13.6986
2397,12.8784
2550,12.1913
2702,11.4543
2850,10.986
3004,10.2997
3148,9.9149
3300,8.8758
3454,8.475
3600,8.6052
3755,8.0652
3903,8.0215
4052,7.6112
4200,7.3719
4353,6.9913
4502,6.79
4653,6.2777
4801,6.0329
4951,6.0375
5106,5.8791
5250,5.7833
5401,5.628
5558,5.6004
5706,5.2688
5855,4.8516
6005,4.4693
6152,4.82
6302,4.3665
6552,4.4491
6663,4.0933
6793,4.1378
6942,4.1844
7095,3.9441
7245,3.9539
7391,3.6243
7542,3.547
7694,3.2612
7843,3.0165
7993,3.4343
8146,2.9556
8295,3.137
8445,3.2264
8594,3.1371
8751,2.9849
8902,3.1636
9049,3.2601
9199,2.8178
9350,3.006
9499,3.0026
9649,3.0326
9797,3.1712
9949,2.9016
10104,3.0465
10257,2.8668
10398,2.8762
10555,2.5603
10700,2.6256
10851,2.4736
11003,2.4744
11150,2.7044
11302,2.5749
11452,2.2884
11600,2.9324
11750,2.7252
11902,2.4141
12051,2.5096
12200,2.3307
12351,2.6529
12503,2.3712
12656,2.5873
12803,2.9432
12953,3.0666
13108,2.8219
13252,2.8626
13405,2.5432
13554,2.5671
13709,2.8077
13857,2.4002
14007,2.745
14157,2.6143
14307,2.683
14456,2.7605
14607,2.3993
14755,2.825
14905,2.8624
15059,2.5393
15209,2.3302
15354,2.4699
15504,2.2286
15664,2.2358
15805,2.437
15963,2.223
16109,2.473
16262,2.7525
16412,2.2679
16559,2.4487
16711,2.5134
16860,2.5765
17008,2.4704
17157,2.2338
17309,2.2225
17466,2.292
17609,2.1434
17760,2.2378
17907,2.3622
18060,2.2306
18207,2.5094
18356,2.3705
18510,2.7338
18661,2.4398
18807,2.3957
18963,2.1699
19115,2.48
19260,2.5988
19414,2.2998
19564,2.5271
19708,2.6936
19858,2.6415
20012,2.6853
20162,2.2944
20312,2.1537
20462,2.1667
20611,2.2622
20759,2.1393
20908,2.3442
21059,2.0337
21209,2.2235
21357,2.0755
21509,2.4308
21657,2.465
21818,2.4487
21962,2.3308
22225,2.2191
22339,2.4517
22466,2.3085
22615,2.1951
22765,2.3863
22915,2.6031
23065,2.6985
23217,2.5951
23367,2.5534
23520,2.6065
23668,2.0854
23819,2.2728
23968,2.4398
24222,2.4434
24332,2.438
24464,2.3666
24613,2.3004
24764,2.578
24918,2.3317
25067,2.655
25214,2.4444
25365,2.6421
25518,2.6699
25667,2.1908
25815,2.5371
25966,2.2854
26117,2.4891
26270,2.4465
26419,2.0115
26574,2.378
26717,2.5629
26867,2.5113
27024,2.431
27173,2.585
27331,2.5347
27467,2.4803
27622,2.1508
27767,2.2887
27921,2.3667
28067,2.2455
28221,2.3796
28370,2.669
28520,2.4462
28669,2.279
28828,2.511
28978,2.2189
29119,2.0561
29277,2.3095
29422,2.3407
29575,2.7116
29724,2.4916
29869,2.7918
30018,2.7663
30173,2.5154
30320,2.7615
30473,2.1556
30623,2.2267
30770,2.6167
30923,2.3816
31073,2.4745
31222,2.2866
31373,2.153
31521,2.816
31670,2.2122
31822,2.188
31970,2.7417
32120,2.7779
32270,2.5441
32419,2.6229
32570,2.5115
32719,2.7009
32869,2.7569
33017,2.6849
33169,2.6257
33318,2.7788
33468,3.0095
33623,3.0157
33773,2.9186
33923,2.8068
34071,2.4337
34226,2.2658
34374,2.5748
34523,2.5094
34678,2.5248
34832,2.5771
34976,2.2112
35123,2.1169
35279,2.3893
35432,2.2857
35577,2.6497
35726,2.5865
35878,2.5194
36031,2.5324
36175,2.624
36327,2.4844
36477,2.7881
36624,2.5814
36777,2.9291
36925,2.692
37078,2.6246
37227,2.663
37377,2.475
37526,2.4173
37682,2.4521
37832,2.4584
37983,2.1641
38132,2.2308
38283,2.3284
38434,2.3658
38578,2.4919
38731,2.601
38876,1.9942
39028,2.5044
39182,2.3025
39328,2.4835
39481,2.4933
39629,2.4007
39779,2.3356
39929,2.5566
40080,2.4488
40228,2.5226
40379,2.6206
40528,2.6739
40678,2.4877
40830,2.7145
40987,2.653
41127,2.5671
41278,2.3062
41435,2.3057
41586,2.4523
41731,2.3868
41886,2.1931
42034,2.2389
42184,2.5848
42335,2.3618
42483,2.186
42634,2.0532
42783,2.0544
42934,2.5079
43082,2.2693
43233,2.0804
43392,2.1636
43532,2.228
43681,2.0358
43833,2.2216
43986,2.2667
44136,2.2926
44282,2.2507
44433,2.0999
44585,2.0232
44735,2.2254
44886,2.2327
45035,2.0402
45304,1.7594
45408,2.0184
45546,2.1013
45692,1.8948
45844,2.2534
45996,2.275
46147,2.2227
46298,2.3163
46451,2.3462
46595,2.1566
46751,2.2068
46897,2.3992
47052,2.5651
47201,2.1689
47347,2.1623
47500,2.0776
47650,2.3059
47800,2.3599
47948,2.4784
48100,2.5591
48248,2.3499
48397,2.4955
48549,2.379
48700,2.1226
48850,2.5268
49001,2.3391
49150,2.5079
49305,2.3406
49449,2.0982
49599,2.1457
49755,2.621
49899,2.706
50050,2.5267
50201,2.4366
50350,2.4197
50499,2.3362
50652,2.7334
50806,2.7711
50949,2.8222
51099,2.8929
51384,2.6664
51489,2.4775
51630,2.5361
51779,2.814
51928,2.6262
52076,2.1963
52228,2.3736
52374,2.6566
52525,2.4891
52675,2.6589
52827,2.5386
52977,2.5296
53126,2.4327
53279,2.539
53432,2.3078
53584,2.3441
53733,2.8585
53879,2.6236
54029,2.404
54181,2.3704
54333,2.4623
54480,2.2504
54630,2.2803
54782,2.214
54936,2.5023
55086,2.4805
55236,2.2156
55383,2.2931
55534,2.1948
55689,2.473
55840,2.8032
55989,2.3445
56138,2.2674
56289,2.2446
56438,2.3814
56587,2.3247
56737,2.2605
56896,2.0195
57043,1.9536
57191,2.0023
57340,2.3151
57489,2.4896
57637,2.3849
57794,2.6316
57939,2.391
58088,2.3662
58242,2.5607
58389,2.6284
58539,2.578
58838,3.009
58945,2.8452
59084,2.832
59235,2.8026
59383,2.6265
59537,2.5129
59682,2.5674
59837,2.5032
59985,2.4724
60138,2.3929
60285,2.0819
60436,2.4515
60587,2.636
60737,2.4855
60886,2.085
61036,2.1981
61188,2.2942
61335,2.6473
61484,2.0759
61634,2.2853
61792,2.2462
61942,2.5021
62089,2.0759
62241,2.123
62391,2.4297
62538,2.4763
62689,1.9514
62838,2.0762
62989,2.1293
63139,2.3347
63293,2.091
63447,2.1681
63596,2.3974
63740,2.4419
63891,2.4176
64040,2.5796
64195,2.6091
64338,2.2861
64496,2.3208
64647,2.6501
64793,2.4106
64941,2.1278
65089,2.2773
65239,2.5767
65395,2.5064
65648,2.9396
65750,2.9837
65887,3.1637
66038,3.0212
66185,3.1781
66337,3.2551
66493,3.3971
66640,3.5482
66787,3.156
66939,3.5342
67090,3.571
67239,3.8004
67390,4.2345
67543,3.8311
67688,3.7159
67840,3.8829
67988,4.1801
68143,4.4194
68290,4.3597
68436,4.612
68596,4.7186
68744,5.1604
68889,5.0055
69044,5.4681
69194,5.6533
69341,5.8724
69493,5.6431
69642,5.6341
69793,5.9233
69944,5.9605
70092,5.9776
70244,6.4624
70394,6.4479
70548,6.7025
70694,6.5098
70845,6.8802
71000,6.8456
71148,6.6968
71294,6.712
71444,7.0611
71598,7.1045
71748,7.4606
71897,7.4618
72046,7.9481
72195,7.8723
72346,7.9091
72504,8.1266
72649,8.1074
72800,8.4722
72950,8.3883
73100,8.5369
73251,8.5594
73404,8.8395
73549,9.0257
73697,9.34
73851,9.4522
73999,9.7884
74149,10.0052
74301,10.0362
74451,9.9896
74601,10.3597
74754,10.373
74903,10.4747
75054,10.7548
75210,11.0025
75353,11.255
75503,11.4492
75658,11.2909
75804,11.3156
75953,11.6921
76105,12.304
76256,12.5546
76406,12.4669
76661,12.3851
76764,12.5406
76905,13.2825
77050,13.2218
77200,13.5467
77352,13.7953
77501,13.8964
77654,14.4483
77802,14.835
77952,15.4416
78102,16.0807
78254,16.1433
78401,16.5682
78550,16.6902
78700,16.9506
78851,17.3451
79000,18.1047
79151,19.0559
79304,20.5174
79452,21.54
79603,23.2343
79750,24.402
79901,25.2081
80057,25.9343
80202,26.4868
80354,26.7389
80503,26.9171
80655,26.8043
80804,26.9858
80953,26.9874
81104,26.8149
81256,27.2025
81411,28.6138
81562,31.0495
81708,34.1467
81857,36.4605
82012,38.6042
82156,40.4098
82310,42.0774
82458,43.1504
82604,43.8908
82760,44.657
82910,44.6062
83056,44.1316
83208,44.4438
83356,44.1843
83508,45.5383
83657,49.2756
83808,54.2434
83957,57.4257
84115,61.8213
84260,65.5948
84414,68.2152
84556,70.2132
84707,71.3901
84860,71.6291
85014,71.2689
85160,71.2972
85309,74.9644
85459,79.4328
85610,84.8168
85762,89.0668
85909,92.2906
86057,94.2431
86210,94.6115
86361,94.8233
86509,94.0466
86660,93.8193
86808,93.7713
86959,99.4945
87112,107.5634
87262,114.8835
87411,120.9298
87563,124.9702
87831,126.6672
87946,126.3682
88070,125.4448
88225,124.6802
88376,124.3028
88520,123.8081
88675,123.492
88824,123.0325
88972,122.4384
89120,125.5364
89272,137.3308
89421,151.6021
89570,164.1814
89723,171.1938
89876,177.2689
90020,179.8561
90170,179.6393
90329,178.5093
90473,177.3663
90630,184.5069
90771,202.3045
90926,227.6789
91078,250.296
91228,265.9694
91374,274.2505
91528,275.5809
91676,274.5212
91826,272.8787
91975,271.3263
92125,270.2413
92277,268.8308
92426,267.6086
92577,266.6846
92729,280.6144
92873,314.9458
93029,349.7908
93176,376.0438
93328,390.9882
93479,395.1305
93628,394.7648
93780,393.3868
93925,391.7279
94081,389.7413
94227,389.8377
94380,420.0704
94527,465.8153
94680,503.9381
94831,526.4002
94977,533.7777
95126,534.2203
95277,533.0263
95431,531.1787
95582,529.113
95731,527.6489
95882,526.3148
96028,524.7269
96179,523.8472
96334,522.4442
96479,521.8201
96630,520.9866
96781,520.2927
96932,519.353
97080,518.5285
97231,517.9565
97381,517.5631
97533,516.9515
97681,516.7613
97832,515.918
97987,515.5193
98129,514.948
98284,514.7664
98434,514.3364
98584,513.9575
98738,513.8701
98883,513.2443
99037,513.2969
99186,512.8032
99337,512.3671
99486,512.2035
99635,511.7495
99784,512.2112
99937,511.5489
100085,511.4354
100238,511.0847
100385,510.7787
100542,510.9298
100692,510.4484
100840,510.3059
100987,510.2895
101138,510.0506
101292,509.7534
101441,509.8166
101591,509.3647
101740,509.3243
101899,509.1555
102045,509.0956
102195,508.7723
102349,508.3869
102496,508.512
102648,508.6431
102798,508.0614
102947,508.3123
103097,508.1582
103243,507.5795
103395,507.6518
103553,507.5765
103698,507.2616
103843,506.9564
103999,506.9918
104145,507.0462
104297,506.9022
104448,506.7311
104602,506.7205
104754,506.3971
104900,506.3807
105050,506.1079
105201,506.5075
105348,506.4789
105501,506.0742
105648,506.0182
105798,506.3002
105949,505.9798
106098,505.794
106250,505.7176
106403,505.7349
106548,505.5501
106696,505.5119
106848,505.293
107003,505.5216
107157,505.4727
107297,505.4164
107452,505.1033
107604,505.2022
107751,504.9636
107898,504.9113
108054,504.8492
108199,504.9203
108351,504.8135
108496,504.7365
108651,504.6716
108796,504.5516
108951,504.3479
109102,504.1604
109250,504.2241
109407,504.0849
109559,504.0125
109701,503.8514
109856,503.9193
110002,504.1874
110156,503.9641
110303,503.7437
110458,503.7363
110610,503.7835
110755,503.7865
110906,503.8193
111055,503.6184
111206,503.9863
111355,503.8782
111504,503.4176
111653,503.3363
111812,503.296
111958,503.1526
112105,503.2987
112260,503.2707
112413,503.2258
112560,503.4508
112816,503.059
112917,503.1697
113060,503.2925
113210,503.0859
113360,503.1567
113509,502.9274
113659,502.6676
113809,502.4155
113957,502.7678
114109,502.8679
114263,502.4124
114410,502.1558
114567,502.0527
114708,501.838
114864,502.3622
115011,502.1943
115165,502.1554
115310,502.0191
115465,502.2089
115613,501.9346
115765,501.7693
115913,501.8255
116174,501.3198
116282,501.4173
116422,501.5561
116572,501.5922
116721,502.0097
116868,501.936
117017,501.9255
117170,501.7079
117320,501.3882
117469,501.4819
117621,501.53
117770,501.1956
117926,501.2216
118200,501.0429
118306,500.844
118440,501.3763
118594,501.1759
118740,501.0433
118894,500.7648
119041,500.5815
119195,500.4755
119343,500.807
119491,500.8245
119642,500.4548
119793,500.4484
119943,500.9309
120091,500.9819
120366,500.6431
120473,500.1701
120612,500.1224
120758,500.167
120905,500.5698
121060,500.4162
121205,500.1506
121359,500.0231
121505,500.3116
121656,499.9924
121812,499.9436
121963,500.0219
122109,499.7396
122263,499.9922
122409,500.0184
122567,499.4662
122713,499.684
122862,499.4682
123013,500.034
123165,499.9749
123315,499.4596
123461,499.4701
123614,499.4478
123762,499.402
123913,499.278
124063,499.5714
124212,499.6068
124361,499.7655
124511,499.7164
124658,499.4634
124810,499.648
124965,499.3755
125113,499.3069
125261,499.276
125416,499.3927
125569,499.0558
125716,499.3137
125869,498.9205
126017,499.1441
126167,498.9918
126317,498.815
126470,498.387
126616,498.8172
126771,498.5703
126924,498.8206
127068,498.7188
127219,498.774
127373,498.9269
127523,498.8141
127669,498.89
127821,498.9576
127972,498.9489
128122,498.6875
128272,498.5519
128421,498.6809
128577,498.9642
128827,498.5183
128929,498.5079
129065,498.1534
129219,498.5816
129370,498.4737
129518,498.7033
129668,498.4943
129828,498.4657
129969,498.6327
130122,498.3541
130270,498.5744
130415,498.2695
130568,498.0516
130717,498.3699
130869,498.4536
131020,497.9385
131168,497.94
131424,497.8856
131526,498.1443
131666,498.2274
131815,498.2045
131968,498.2619
132121,497.8636
132268,497.7857
132418,497.7463
132571,497.5495
132719,497.8127
132969,497.8819
133073,497.7571
133209,497.6219
133365,497.5197
133511,497.4295
133660,497.8547
133808,498.1584
133959,497.8297
134111,497.396
134265,497.6497
134412,497.4342
134561,497.3258
134711,497.622
134865,497.2709
135014,497.3213
135164,497.0842
135311,497.1017
135463,497.1198
135614,497.3731
135772,496.887
135922,496.9301
136061,497.183
136216,496.9716
136364,496.845
136512,497.3148
136670,497.1439
136818,496.7441
136968,496.6463
137119,496.68
137266,496.771
137521,497.0381
137628,496.6748
137767,496.4696
137914,496.6722
138064,496.6993
138214,496.6592
138363,496.5019
138516,496.3435
138664,496.9365
138814,496.6585
138963,496.9351
139119,496.7174
139271,496.642
139421,496.341
139571,496.2154
139717,496.4259
139870,496.8015
140021,496.7384
140175,496.4613
140326,496.0589
140475,496.4775
140620,496.24
140778,495.8164
140926,496.1162
141073,496.0239
141221,496.3169
141374,496.1907
141523,496.0535
141674,496.1339
141824,495.9982
141976,495.9135
142124,496.0809
142274,496.1534
142426,495.8272
142577,496.1413
142725,496.108
142878,496.3152
143024,495.4578
143182,495.9013
143328,495.7969
143481,495.8955
143625,495.8795
143776,496.0171
144032,495.8903
144139,495.9716
144271,495.7026
144427,496.0426
144574,495.8447
144729,495.6063
144877,496.0545
145027,496.085
145177,495.694
145326,495.3838
145474,495.8901
145626,495.4778
145776,495.4613
145927,495.2422
146077,495.3978
146230,495.407
146374,495.8882
146533,495.6338
146683,495.5536
146829,495.4612
146979,495.8534
147133,495.4281
147279,495.6783
147433,495.6912
147581,495.6076
147728,495.3547
147879,495.3565
148027,495.2839
148178,495.311
148329,495.4876
148478,495.1458
148628,495.2178
148780,495.246
148931,495.3504
149079,495.2987
149234,495.3721
149385,495.3593
149641,495.4112
149746,495.1944
149884,495.1452
150031,495.1977
150178,495.0582
150334,495.3205
150483,495.1311
150632,495.3429
150784,495.2369
150936,495.0507
151084,494.9112
151236,494.9521
151383,494.9606
151639,494.8392
151747,495.1393
151880,495.1417
152032,495.0146
152184,495.0063
152333,495.0717
152481,494.8815
152637,494.758
152780,494.6187
152932,494.8912
153082,494.8232
153238,494.5465
153380,494.5446
153534,494.9575
153686,494.7571
153832,494.5126
153984,494.3519
154132,494.6224
154284,494.6316
154433,494.7789
154589,494.4992
154732,494.2648
154883,494.3181
155033,494.6669
155187,494.5613
155334,494.2829
155486,494.1621
155639,494.2497
155786,494.0531
155936,494.2689
156088,494.3125
156236,494.1833
156386,494.0318
156539,494.2326
156688,494.3308
156837,494.4335
156987,494.5793
157135,494.5046
157287,494.6271
157436,494.4296
157596,494.1443
157740,494.0789
157888,494.255
158045,494.4017
158193,494.1109
158342,494.406
158489,494.283
158638,494.3936
158792,494.3439
158941,493.9451
159094,494.2434
159354,494.2456
159456,494.1729
159595,494.3185
159749,493.941
159900,494.1231
160045,493.9173
160199,494.1269
160349,493.8944
160498,494.0612
160646,494.2246
160797,493.6457
160951,493.8316
161098,493.8322
161247,493.6356
161405,493.8788
161552,493.6976
161700,493.5017
161854,493.5462
161997,493.6261
162147,493.7284
162301,493.8858
162449,493.9469
162597,493.4382
162748,493.1568
162897,493.5289
163052,493.5703
163198,493.5324
163350,493.5231
163501,493.6961
163649,493.4152
163800,493.3929
163953,493.2793
164110,493.4809
164253,493.1223
164402,493.6382
164555,493.4372
164701,493.5055
164855,493.6717
165004,493.5436
165155,493.5293
165304,493.6838
165454,493.4462
165602,493.4823
165754,493.6806
165909,492.9363
166051,492.9932
166204,493.2107
166352,493.2399
166506,493.4153
166654,493.2715
166804,493.6138
166955,493.4266
167104,493.5462
167261,493.6014
167408,493.482
167560,493.159
167708,493.2838
167859,493.2872
168008,493.31
168159,493.5171
168306,493.6727
168457,493.8461
168606,493.6164
168764,493.4574
168906,493.1763
169054,493.3486
169205,493.4866
169354,493.0187
169509,493.3528
169658,493.7225
169809,493.5104
169963,493.0726
170109,493.47
170257,493.5284
170412,493.46
170562,493.098
170710,492.8645
170860,492.9427
171011,493.0829
171157,493.4646
171310,493.1123
171459,492.8212
171610,492.793
171763,493.0218
171909,492.9355
172062,493.0272
172209,493.0547
172364,492.775
172511,492.7002
172661,492.8454
172815,492.7998
172958,492.6285
173111,493.0781
173263,493.3969
173414,492.8439
173564,492.9102
173724,492.8235
173862,493.0205
174014,492.8614
174164,492.5351
174315,492.641
174577,492.398
174683,492.4345
174819,492.8836
174967,492.9977
175120,492.8485
175269,492.7363
175423,492.8401
175571,492.5564
175723,492.6116
175877,492.7461
176021,492.8014
176285,492.4684
176394,492.4027
176526,492.2868
176675,492.5809
176829,492.6388
176975,492.5667
177132,492.2521
177275,492.3922
177427,492.4055
177581,492.4532
177726,492.2052
177879,492.1211
178029,492.3645
178181,492.3565
178325,492.5967
178481,492.2061
178630,492.3233
178776,492.3565
178931,492.2632
179080,492.058
179226,492.1923
179379,492.2026
179529,491.836
179678,491.3659
179827,492.118
179981,491.9327
180130,492.1634
180286,492.2218
180430,492.1589
180578,492.0626
180729,492.2943
180881,492.5153
181031,492.0757
181180,491.9682
181334,491.7436
181484,491.9013
181634,492.3325
181779,492.1217
181928,491.8989
182077,492.1858
182232,492.0147
182384,492.0131
182530,491.4818
182680,491.5765
182836,491.6629
182983,492.0706
183130,491.5142
183287,491.69
183428,491.8366
183588,492.0546
183734,491.7542
183878,491.4402
184031,491.5828
184186,491.8901
184332,491.7615
184479,492.0904
184632,492.0561
184781,492.1231
184935,491.712
185083,491.7294
185230,491.3014
185380,491.6334
185532,491.5356
185683,491.5945
185832,491.5962
185981,491.8971
186131,491.9854
186283,491.9146
186430,491.4799
186589,491.4134
186731,491.1958
186889,491.6388
187039,491.5761
187274,491.3282
187379,491.4731
187510,491.5592
187665,491.6714
187816,491.6341
187965,491.3614
188113,491.0882
188265,491.3849
188417,491.324
188562,491.4428
188716,491.4515
188864,491.2379
189017,491.105
189167,490.8801
189316,491.4766
189476,491.5686
189619,491.4498
189768,491.7224
189918,491.3852
190068,491.2522
190219,491.4493
190370,491.0976
190523,491.0919
190680,491.2933
190820,491.2257
190976,491.1561
191124,491.438
191273,491.3404
191427,491.3114
191576,491.3753
191724,491.5277
191876,491.1236
192031,491.2908
192279,491.3052
192497,491.1448
192606,491.6892
192737,491.1022
192886,491.2274
193038,491.2413
193189,491.2968
193338,491.342
193487,491.1388
193636,490.8368
193787,491.2108
193940,490.3474
194089,490.862
194237,490.6511
194386,490.7407
194539,491.2937
194690,491.0684
194839,491.4723
194989,491.8027
195148,491.151
195298,491.1375
195444,491.1854
195595,491.3241
195852,491.0523
195952,491.1331
196091,491.2142
196245,491.3263
196395,491.3179
196543,491.4096
196692,491.3789
196843,491.4089
196994,491.2799
197144,491.1953
197295,491.1339
197451,491.0582
197592,491.0968
197752,491.2047
197894,490.8421
198049,491.1364
198200,490.9306
198344,490.6802
198497,490.7275
198646,491.0315
198799,490.9479
198946,490.8736
199099,490.8685
199247,490.8837
199397,490.6827
199547,490.4586
199700,490.6461
199845,490.5302
199996,490.652
200151,490.4757
200299,490.2598
200561,490.4712
200665,490.4332
200804,490.0991
200953,490.6746
201102,490.5703
201252,490.3383
201400,490.2754
201552,490.4881
201701,490.5635
201850,490.3967
202004,490.3001
202158,490.3647
202303,490.2181
202456,490.469
202609,490.6049
202759,490.7243
202903,490.5583
203057,490.8766
203201,490.6795
203358,490.4704
203505,490.642
203657,490.3829
203805,490.8193
203955,490.7023
204105,490.2229
204369,490.3845
204483,490.2709
204612,490.5631
204763,490.4378
204913,490.4151
205073,490.1574
205212,490.1105
205362,490.5437
205510,490.3657
205661,490.5054
205814,490.4317
205971,490.2876
206116,490.5173
206264,490.1311
206418,490.0675
206569,489.739
206713,490.1812
206865,489.9336
207022,490.0205
207168,489.8338
207324,490.1447
207465,490.4429
207622,490.1142
207766,489.8894
207915,490.153
208069,490.0565
208216,490.0308
208368,490.3311
208519,490.174
208668,489.8284
208820,489.9649
208970,490.088
209121,490.2156
209269,490.061
209420,490.4248
209568,490.5748
209719,490.4614
209869,490.0822
210022,490.0884
210170,489.8586
210328,490.0624
210468,490.0571
210618,489.8999
210774,490.0624
210919,490.2665
211074,489.8837
211220,489.7753
211371,489.6945
211524,489.6033
211676,489.8265
211821,490.2688
211969,490.2637
212119,490.0406
212272,490.0812
212423,490.0147
212573,489.8296
212718,490.0843
212873,490.0533
213021,489.7855
213172,489.6965
213320,489.8193
213470,489.6075
213624,489.8049
213776,489.8625
213921,490.0013
214072,489.9536
214221,489.8455
214371,489.5974
214524,489.8279
214673,490.0232
214823,489.8796
214977,489.9169
215126,489.9908
215275,489.5601
215425,489.6837
215571,489.6632
215726,489.6417
215873,489.6508
216032,489.6625
216173,490.0803
216323,489.6758
216473,489.5395
216623,489.8657
216772,490.0402
216923,489.5722
217069,489.396
217222,489.3087
217371,489.3974
217529,489.6956
217674,489.8843
217823,489.7747
217976,489.594
218222,489.3523
218327,489.6013
218465,489.8811
218614,489.476
218761,489.521
218912,489.7235
219066,489.5794
219212,489.4234
219363,489.5303
219516,489.452
219664,489.3404
219816,489.5125
219964,489.416
220115,489.4582
220266,489.4169
220416,489.8153
220565,489.7268
220712,489.3388
220868,489.6127
221021,489.3988
221162,489.4987
221421,489.2358
221530,489.3167
221664,488.9731
221815,489.5979
221965,489.4504
222114,489.2093
222263,489.1598
222417,489.3751
222567,489.3919
222716,489.2853
222873,489.4905
223023,489.0164
223167,489.31
223316,489.0847
223467,489.3716
223617,489.3738
223772,489.3455
223924,489.2244
224068,489.0292
224223,489.3743
224481,489.3433
224587,489.5256
224732,489.4923
224876,489.4636
225026,489.3578
225184,489.4941
225327,489.4703
225480,489.4035
225628,489.3134
225774,489.4305
225928,489.1433
226078,489.1643
226234,489.1175
226382,489.058
226526,489.2271
226675,489.0023
226826,489.1469
226976,489.2645
227127,489.0651
227282,489.1974
227429,488.9609
227579,489.398
227729,489.4036
227885,489.3532
228030,489.1385
228184,489.1977
228327,489.1451
228481,489.1684
228630,489.3656
228789,489.0939
229043,488.9668
229150,489.3286
229287,489.1358
229439,489.3072
229581,489.0145
229736,488.8807
229888,489.0146
230036,488.9195
230187,489.1982
230337,488.9006
230483,488.819
230635,488.931
230786,488.9462
230935,489.0924
231085,488.9233
231234,488.9288
231383,489.0508
231537,489.2072
231691,489.1618
231833,489.3647
231983,489.1604
232139,489.2171
232285,488.8479
232435,489.0475
232587,488.9466
232735,489.1295
232884,488.9756
233037,489.2863
233191,489.322
233335,488.8509
233485,488.8525
233632,488.91
233785,488.7999
233936,489.0363
234086,489.0552
234237,489.123
234386,489.0552
234534,488.9148
234685,488.6076
234835,488.7648
234985,488.6684
235134,488.6954
235285,489.0065
235442,489.1118
235588,489.0189
235740,488.3269
235887,488.358
236038,489.1273
236186,488.9167
236340,488.8134
236484,488.7762
236639,488.6806
236784,489.0265
236939,488.8299
237085,488.555
237239,489.0328
237479,488.9363
237583,488.9079
237717,488.8244
237868,488.894
238016,488.5496
238168,488.935
238326,489.1673
238474,488.7769
238619,488.6394
238769,488.6336
238919,488.6567
239074,488.545
239223,488.0443
239373,488.5284
239521,488.5277
239672,488.6097
239822,488.9937
239971,488.431
240121,488.7283
240271,488.6613
240428,488.5583
240569,488.6272
240723,488.6457
240878,488.3822
241030,488.5906
241171,488.7513
241325,488.707
241470,488.6689
241623,488.8038
241770,488.3916
241927,488.5178
242077,488.4843
242224,488.3377
242375,488.5102
242525,488.4037
242674,488.6388
242825,488.514
242974,488.2963
243130,488.3934
243273,488.3235
243434,488.5272
243578,488.5553
243728,488.4346
243875,488.3208
244031,488.8044
244180,488.7662
244331,488.5761
244481,488.3055
244631,488.5762
244776,488.2191
244929,488.2815
245089,488.6625
245231,488.6087
245388,488.4352
245528,488.2449
245687,488.1196
245831,488.2688
245980,488.1311
246136,488.1486
246284,488.0405
246430,488.1853
246581,488.4131
246730,488.8074
246880,488.4799
247033,488.4971
247175,488.3274
247330,488.4214
247482,488.1578
247626,488.5464
247774,487.5109
247927,487.9345
248077,488.1294
248226,488.0118
248379,488.2019
248528,488.3062
248678,488.3484
248828,488.093
248977,488.2115
249129,488.0572
249277,488.2318
249427,488.2146
249585,487.9654
249729,488.3352
249882,488.1037
250032,488.1248
250183,488.0509
250428,488.2925
250534,488.26
250668,488.3375
250816,488.3921
250970,488.5224
251123,488.0371
251271,487.9775
251418,488.1439
251571,488.082
251719,488.0144
251870,488.2167
252017,488.0684
252170,488.2547
252318,488.025
252469,488.1231
252619,487.8995
252767,487.917
252917,488.0693
253068,487.9441
253218,487.7283
253368,487.9714
253518,488.1569
253673,488.0757
253818,488.0085
253970,488.0842
254126,487.9447
254268,487.7543
254418,487.7559
254572,487.8342
254721,488.0293
254869,488.2412
255019,487.8141
255169,487.5648
255320,487.7484
255470,487.6547
255619,487.7124
255771,487.9204
255922,487.7195
256071,487.5322
256220,487.4539
256369,487.6856
256517,487.6322
256669,487.7017
256825,487.8067
256977,487.8527
257120,487.9788
257274,487.8621
257427,487.8867
257574,487.8246
257725,488.0394
257871,488.0338
258025,488.0081
258176,487.8935
258334,487.7784
258476,487.9034
258631,488.0724
258783,487.8351
258926,487.8623
259077,488.0033
259228,487.7348
259380,487.6509
259527,487.5692
259680,487.7316
259830,487.3593
259980,487.6831
260130,487.5603
260280,487.7879
260428,487.6767
260583,488.0097
260727,487.6135
260883,487.3531
261028,487.9428
261181,487.7132
261330,487.6444
261484,487.8971
261630,487.8598
261783,487.6019
261934,487.7489
262085,487.5749
262233,487.5947
262384,487.7516
262530,487.5121
262683,487.8779
262834,488.008
262981,487.6079
263131,487.3812
263281,487.4028
263441,487.2989
263582,487.7248
263730,487.5795
263889,487.5106
264039,487.716
264184,487.637
264334,487.1406
264488,487.4373
264633,487.0381
264884,487.0711
264987,487.5707
265124,487.5324
265273,487.5654
265426,487.5219
265573,487.6379
265720,487.4523
265876,487.2773
266023,487.1231
266184,487.143
266328,487.0811
266478,487.227
266629,487.6135
266782,487.4318
266931,487.1688
267077,487.3412
267231,487.4291
267378,487.2879
267531,487.3222
267679,487.3916
267826,487.3673
267978,487.4318
268128,487.2472
268278,486.9066
268431,487.5599
268584,487.473
268734,487.3516
268879,487.0802
269032,487.3472
269181,487.1945
269330,486.9453
269481,487.6467
269630,487.2395
269784,487.3725
269929,487.3735
270084,487.3961
270233,487.4218
270383,487.296
270531,487.4053
270683,487.0164
270833,487.0249
270984,487.2655
271132,486.9676
271281,487.0679
271432,487.2442
271586,487.1201
271734,487.3571
271881,487.4077
272030,487.3554
272185,487.3812
272335,487.3151
272480,487.4346
272633,487.3138
272784,487.6016
272931,487.3332
273082,487.4511
273235,487.2221
273382,487.1145
273531,487.3867
273684,487.1231
273833,487.2617
273982,487.4723
274134,487.49
274283,487.1094
274432,486.8994
274583,486.8699
274738,486.9015
274880,486.9434
275030,487.4215
275190,487.4137
275340,487.1052
275485,487.1317
275634,487.0335
275786,487.1896
275936,487.0112
276088,487.4113
276237,486.9723
276385,487.0359
276537,487.3967
276686,487.2475
276838,486.9929
276989,486.7677
277140,486.638
277292,486.5612
277442,487.0842
277591,486.955
277742,486.9039
277890,486.8786
278042,487.2255
278192,486.7306
278341,486.7106
278603,486.6878
278708,487.0682
278845,486.822
278994,486.6844
279150,486.7817
279297,486.7435
279446,486.6264
279599,486.4396
279748,486.9324
280016,486.8243
280123,487.0219
280258,486.7336
280407,486.68
280561,486.6893
280716,486.6973
280859,486.8296
281012,486.4227
281165,486.8987
281314,486.6952
281460,486.709
281614,486.9168
281758,486.6828
281910,486.8184
282061,487.1024
282208,486.9816
282358,487.1003
282511,486.9532
282658,486.6746
282810,486.806
282960,486.5848
283108,486.9631
283259,486.8143
283406,486.5475
283559,486.9919
283709,486.9204
283858,486.5366
284008,486.7003
284157,486.5841
284306,486.9721
284455,486.8628
284607,486.8118
284760,486.3913
284910,486.7972
285062,486.9426
285207,486.8822
285364,486.7422
285512,486.771
285664,486.4744
285813,486.6051
285962,486.1669
286112,486.3169
286265,486.5702
286417,486.3452
286562,486.4288
286712,486.4266
286867,486.2273
287020,486.3539
287168,486.3892
287414,486.2682
287526,486.405
287655,486.697
287808,486.7009
287958,486.8722
288104,486.4214
288258,486.6245
288406,486.5867
288556,486.632
288705,486.5237
288856,486.4655
289015,486.4123
289155,486.4694
289304,486.406
289461,486.4639
289609,486.4651
289763,486.3346
289912,486.6877
290057,486.3652
290208,486.6416
290359,486.3708
290521,486.4697
290661,486.5929
290812,486.5505
290964,486.2694
291219,486.2594
291328,486.2745
291458,486.4414
291608,486.4962
291760,486.3928
291917,486.6121
292062,486.2579
292215,486.3725
292363,485.9631
292515,486.389
292665,486.3702
292812,486.3064
292964,486.2414
293112,486.5097
293263,486.38
293413,486.2298
293562,486.2214
293712,486.2739
293863,486.2517
294021,486.4532
294165,486.7917
294316,486.3852
294576,486.7413
294680,486.6756
294815,486.3463
294965,486.3128
295118,486.6596
295265,486.249
295415,486.0131
295569,486.3771
295716,486.4959
295866,486.4258
296015,485.94
296166,486.2612
296315,486.1856
296465,485.9004
296615,486.2863
296768,485.999
296924,485.1445
297067,485.9358
297216,485.7101
297369,485.9379
297523,486.3853
297668,486.2542
297816,485.9078
297968,485.955
298121,486.0294
298269,486.3945
298421,485.8904
298569,485.8285
298714,485.8331
298869,486.0389
299019,485.9175
299168,485.847
299318,486.3064
299466,486.3715
299614,486.0747
299767,486.1144
299917,485.9889
300066,485.7054
300219,485.8714
300363,486.0537
300515,485.982
300665,486.1066
300822,486.0636
300965,485.7619
301113,485.8779
301262,485.7694
301414,486.013
301566,485.8366
301814,486.0465
301916,486.1245
302057,486.3044
302205,486.0084
302360,485.9375
302507,485.7252
302656,485.7696
302809,485.8249
302959,485.7864
303109,485.9728
303257,486.339
303407,485.8538
303556,486.0123
303817,485.211
303922,485.547
304066,485.9469
304208,486.0753
304364,486.1423
304515,486.2152
304777,485.7114
304887,485.5499
305018,485.7807
305173,485.8937
305319,485.7454
305469,485.8208
305620,485.9601
305772,485.6728
305918,485.8133
306070,486.0343
306220,485.8454
306370,485.8739
306519,485.8302
306669,485.4899
306818,485.8145
306968,485.9013
307121,486.1783
307269,486.078
307424,485.898
307571,485.7339
307721,485.725
307875,485.8415
308030,485.6436
308179,485.5893
308334,485.5975
308480,485.68
308629,485.7953
308784,485.7322
308929,485.4381
309081,485.9136
309232,485.7824
309380,485.8498
309528,485.5487
309680,485.6264
309829,485.5513
309980,485.6902
310130,485.7165
310278,486.016
310429,486.0225
310580,485.7584
310728,485.4243
310992,485.56
311098,485.616
311236,485.6602
311386,485.5475
311534,485.9557
311686,485.8733
311834,485.6781
311984,485.4985
312139,485.5028
312286,485.3008
312436,485.5682
312584,485.7764
312743,485.6454
312889,485.631
313040,485.6492
313190,485.5096
313336,485.498
313490,485.432
313639,485.3825
313786,485.7617
313935,485.6315
314091,485.5162
314236,485.5416
314389,485.7056
314535,485.5081
314689,485.1846
314840,485.527
314997,485.9411
315139,485.6193
315287,485.4932
315440,485.8242
315587,485.7046
315741,485.6653
315888,485.5777
316040,485.6997
316193,485.8511
316343,485.5756
316494,485.5961
316643,485.7282
316792,485.6525
316946,485.8829
317091,485.8906
317240,485.3605
317392,485.6504
317543,485.3143
317694,485.3336
317846,485.4572
317992,485.6488
318144,485.5023
318296,485.5882
318448,485.1746
318599,485.2184
318747,484.7066
318898,484.9653
319046,485.0981
319196,485.1145
319345,485.3235
319504,485.4725
319645,485.6843
319796,485.6268
319949,485.3913
320096,485.502
320248,485.3596
320405,485.31
320548,485.2313
320703,485.5895
320851,485.4899
320998,485.6144
321149,485.3002
321296,485.3432
321446,485.3654
321595,485.22
321751,485.0173
321900,485.0955
322156,485.6052
322257,485.4229
322395,485.6359
322543,485.4016
322703,485.539
322847,485.3149
322997,485.607
323149,485.4596
323299,485.5284
323448,485.6629
323601,485.622
323752,485.6967
323896,485.4388
324048,485.6835
324200,485.8239
324349,485.5419
324497,485.5285
324648,485.2811
324797,485.3255
324945,485.341
325098,485.0499
325245,485.1242
325401,485.4405
325551,485.4815
325699,485.519
325847,485.3172
325999,485.2999
326148,485.028
326295,485.3223
326445,485.5518
326597,485.6417
326745,485.3977
326900,485.5014
327050,485.502
327199,485.2133
327348,485.1572
327501,485.2877
327648,485.6357
327802,485.3813
327949,485.2778
328096,485.5795
328246,485.381
328398,485.6381
328550,485.7937
328695,485.4056
328844,485.0284
328995,485.4674
329143,485.4515
329294,485.3024
329446,485.3823
329596,485.2325
329748,485.1893
329899,485.4578
330048,485.623
330201,485.4432
330347,485.6622
330497,485.7665
330647,485.3869
330897,485.3788
331005,485.3906
331138,485.4863
331292,485.22
331441,485.3768
331588,485.3259
331741,485.3292
331893,484.9749
332043,485.0225
332192,485.2791
332343,485.3389
332489,485.1566
332642,485.221
332790,485.2486
332942,485.0715
333200,485.0022
333308,485.1411
333448,485.206
333596,485.0028
333750,485.0399
333897,485.2826
334048,485.2388
334197,484.853
334348,484.9265
334496,484.9573
334651,485.1806
334798,485.0291
334952,484.7383
335098,484.9046
335246,484.4576
335399,484.5023
335546,484.8926
335697,484.8556
335845,484.7856
335998,485.0445
336147,485.0406
336299,485.036
336446,484.6525
336598,484.9228
336747,484.742
336898,484.759
337050,484.8276
337199,484.9215
337348,484.7251
337498,484.7856
337649,484.8596
337802,485.1181
337955,485.0418
338101,484.8171
338250,485.1199
338397,485.1011
338550,485.0526
338701,485.1132
338852,485.0112
339000,484.9946
339149,485.1691
339305,485.0651
339449,484.7816
339598,484.932
339753,484.948
339903,485.0137
340048,485.157
340201,484.836
340348,484.4098
340497,484.9633
340651,485.2282
340800,485.0241
340950,484.6451
341099,484.9339
341249,485.019
341400,485.0859
341549,484.7795
341702,484.6855
341851,485.1985
342002,485.194
342153,484.9969
342303,484.737
342453,484.7723
342601,484.6394
342755,484.6716
342902,484.882
343055,484.6297
343199,484.7178
343349,485.09
343502,484.7751
343652,484.8283
343803,484.8705
343951,484.6866
344096,484.7517
344248,484.5819
344400,485.0052
344550,485.0654
344696,484.9422
344850,484.8259
344998,484.5463
345150,484.3725
345303,484.4616
345448,485.1789
345607,485.084
345751,484.8283
345901,484.9014
346055,485.1358
346200,485.0638
346351,485.2362
346506,484.9828
346652,484.8892
346801,485.0051
346949,484.7736
347104,484.7272
347253,484.8066
347402,484.6312
347552,484.8352
347702,484.546
347853,484.4312
348002,484.4829
348149,484.7104
348301,484.5133
348451,484.7498
348705,484.6535
348814,484.9058
348945,484.8967
349096,484.5255
349249,484.499
349399,484.774
349558,484.5305
349703,484.4937
349853,484.6673
350006,484.5492
350152,484.5146
350305,484.5328
350456,484.7525
350605,484.5058
350754,484.4943
350903,484.447
351054,484.5574
351204,484.5404
351360,484.1884
351507,484.2005
351653,484.3574
351812,484.3996
351958,484.2247
352108,484.601
352262,484.4796
352530,484.419
352648,484.6714
352773,484.294
352928,484.3359
353073,484.3958
353223,484.6354
353378,484.4228
353522,484.4572
353672,484.6328
353826,484.7113
353972,484.3463
354122,484.3955
354276,484.3862
354422,484.4663
354575,484.2905
354722,484.2683
354874,484.2192
355023,484.014
355173,484.1116
355320,484.2881
355473,484.3446
355632,484.6857
355782,484.4229
355926,484.3973
356080,484.5906
356224,484.615
356377,484.5909
356527,484.6653
356678,484.6524
356828,484.6152
356977,484.5065
357129,484.4259
357276,484.6578
357426,484.3594
357576,484.2397
357726,484.351
357875,484.3793
358026,484.4447
358174,484.4027
358326,484.3165
358474,484.6149
358634,484.521
358773,484.431
358933,483.8641
359084,484.2357
359230,484.4547
359377,484.34
359531,484.1779
359677,484.3374
359832,484.4801
359979,484.2173
361477,483.8553
361573,484.1333
361714,484.2595
361863,484.1929
362015,484.4232
362273,484.4264
362598,484.543
362700,484.5607
362842,484.2118
362988,484.1104
363144,484.1577
363293,484.1851
363446,484.1857
363591,484.2438
363746,484.3189
363901,484.1016
364080,484.5045
364289,484.1085
364382,484.1781
364532,484.1802
364685,484.0007
364831,484.4615
364982,484.3588
365133,484.0023
365287,484.1721
365431,484.0692
365580,484.2586
365735,484.3769
365885,483.9225
366032,484.0397
366184,483.8734
366332,484.4013
366484,483.9606
366640,483.9035
366790,484.1289
366932,483.889
367085,483.9319
367241,484.1811
367386,484.1677
367536,484.1892
367689,484.1883
367835,484.2387
367984,484.1633
368135,484.0855
368286,484.1784
368438,483.88
368585,483.7906
368738,483.8032
368886,484.0383
369036,484.1461
369186,484.4118
369336,484.1492
369485,483.9161
369644,483.762
369789,483.9765
369941,483.8617
370094,483.843
370238,483.9988
370390,484.1294
370542,484.1935
370693,484.0282
370841,484.001
370993,484.1171
371141,483.9927
371292,484.0288
371441,484.1271
371591,483.9219
371739,483.7153
371891,483.801
372049,483.8181
372200,483.9747
372344,483.979
372498,483.7909
372648,483.5756
372798,483.6146
372946,483.7221
373094,483.9384
373246,483.824
373401,483.8552
373548,484.0805
373706,484.1813
373847,484.0769
374000,484.1589
374147,483.7121
374303,483.9451
374449,483.7734
374601,484.2402
374752,483.974
374901,483.7252
375052,484.2407
375206,484.2066
375352,483.6407
375502,483.8363
375658,484.1088
375802,483.556
375950,483.3701
376107,483.5833
376252,483.6093
376406,483.6166
376553,483.53
376702,483.5451
376854,483.3004
377006,483.487
377150,483.3626
377305,483.6299
377454,483.7113
377601,483.694
377752,484.0262
377901,484.0714
378053,483.685
378203,483.9634
378352,484.0345
378502,483.3425
378656,483.3882
378804,483.7516
378951,483.8378
379101,483.379
379255,483.6673
379406,483.5876
379553,483.4782
379800,483.6018
379901,483.6691
380038,483.7207
380188,483.7581
380337,483.8445
380488,483.6117
380639,483.5154
380788,483.8775
380940,483.7185
381088,483.9576
381240,483.7004
381390,483.8241
381544,483.5444
381689,483.3315
381840,483.3459
381992,483.331
382142,483.5596
382291,483.7304
382439,483.5088
382594,483.5169
382747,483.5648
382894,483.7058
383041,483.4491
383191,483.5913
383346,483.5161
383496,483.2369
383641,483.4314
383795,483.5332
383945,483.2385
384090,483.902
384243,483.8167
384393,483.7252
384546,483.3798
384694,483.3164
384840,483.5487
384996,483.633
385142,483.7599
385291,483.5549
385440,483.4139
385590,483.1435
385741,483.3878
385890,483.2891
386041,483.6592
386189,483.7768
386342,483.4584
386491,483.5674
386642,483.4519
386791,483.3438
386940,483.638
387090,483.4575
387239,483.5251
387392,483.1757
387547,483.5949
387689,483.5563
387843,483.5071
387996,483.5279
388148,483.4284
388295,483.9532
388447,483.8099
388597,483.7994
388745,483.2171
388896,483.2578
389049,483.5964
389195,483.4342
389354,483.5114
389498,483.7707
389653,483.5308
389799,483.9441
389950,483.5588
390099,483.6947
390253,483.5795
390400,483.4306
390548,483.822
390701,483.7973
390858,483.3608
390999,483.3019
391150,483.4854
391300,483.9095
391449,483.5246
391604,483.7799
391759,483.2327
391901,483.3641
392053,483.2169
392204,483.3461
392355,483.3944
392502,483.4421
392656,483.2869
392805,483.3903
392953,483.4119
393105,483.1679
393255,483.4143
393402,483.5374
393554,483.5046
393702,483.523
393857,483.4712
394005,483.0131
394157,483.2302
394306,483.4642
394458,483.1269
394606,483.3715
394757,483.2589
394903,483.3375
395154,483.0517
395258,483.0112
395400,483.1902
395547,483.5842
395695,483.5395
395848,483.463
395997,483.0346
396148,483.1884
396302,483.5118
396452,483.8095
396597,483.4804
396751,483.6513
396901,483.4134
397050,483.1967
397200,482.9581
397353,483.3241
397504,483.1592
397654,483.2919
397802,483.4354
397952,483.4149
398102,483.3223
398255,483.7615
398402,483.759
398559,483.4068
398700,483.001
398851,483.1277
399007,483.2808
399158,483.2979
399302,483.5569
399455,483.2998
399603,483.1325
399754,483.2692
399904,483.4783
400053,483.404
400202,483.2053
400355,483.4169
400504,483.3783
400655,482.9785
400804,483.3025
400953,483.146
401102,483.3916
401254,483.2354
401402,482.7472
401563,483.3758
401705,483.478
401861,483.0271
402012,483.2048
402161,483.2372
402310,483.3426
402457,483.2202
402608,483.1101
402756,483.3182
402909,483.1394
403059,483.3203
403209,483.4891
403357,483.1887
403513,483.2423
403665,483.3507
403813,483.3427
403966,483.1999
404230,483.2012
404336,483.2154
404474,482.7865
404621,483.0136
404775,483.0472
404923,483.0677
405072,483.127
405224,483.2573
405372,483.1007
405522,483.1989
405671,483.1166
405821,483.3032
405972,483.0473
406127,483.0817
406278,482.9766
406430,483.2294
406573,483.4547
406723,483.2483
406875,483.1319
407026,483.2049
407176,483.2718
407327,483.0502
407476,483.2455
407744,483.1528
407851,483.3323
407985,483.2638
408135,482.9235
408290,482.9348
408435,483.3308
408585,483.2896
408736,483.0355
408888,483.2057
409039,482.9356
409187,482.8421
409334,482.9676
409488,482.8364
409640,483.3497
409790,483.3281
409942,483.2434
410090,483.3135
410236,483.1871
410391,482.6958
410657,482.7442
410769,482.786
410898,482.6889
411049,482.7691
411200,483.0355
411347,482.9635
411502,482.8586
411764,483.1129
411873,483.0395
412005,483.0664
412157,483.174
412305,483.0583
412460,483.181
412611,483.1446
412764,483.0949
412910,483.0148
413059,483.3748
413211,483.0753
413360,482.5781
413511,482.6314
413662,482.9758
413810,483.1188
413960,483.3818
414110,483.1889
414259,483.2521
414409,483.2584
414559,483.1044
414708,483.2132
414860,483.097
415008,482.6858
415159,482.7111
415308,482.6661
415462,482.9993
415610,482.8808
415760,483.1487
415912,482.2833
416059,482.9009
416207,483.0047
416365,483.0758
416515,482.6084
416659,482.7218
416814,482.8425
416959,482.9665
417108,482.902
417262,483.0829
417412,483.1646
417562,482.8701
417720,482.9526
417867,482.8671
418014,482.8251
418169,482.5759
418319,482.739
418465,482.7712
418618,482.5054
418768,482.5962
418916,482.3567
419065,482.6717
419217,482.9963
419365,482.8252
419514,482.8301
419662,482.9089
419815,483.1346
419965,482.8946
420112,483.0006
420264,483.0469
420414,482.8388
420563,482.613
420713,482.9673
420862,483.137
421019,483.0767
421169,482.9147
421318,483.0487
421468,482.789
421615,482.7014
421766,482.8288
421914,482.6469
422067,482.6582
422218,482.9912
422369,482.8716
422517,482.6683
422776,482.7915
422884,483.0515
423015,482.4748
423168,482.5277
423316,482.5266
423475,482.4654
423619,482.9233
423775,483.0708
423924,482.4042
424069,482.5063
424221,482.4923
424373,482.7656
424520,482.5037
424673,482.5673
424821,482.9394
424972,482.531
425119,482.5777
425272,482.5856
425421,482.5935
425571,482.4823
425722,482.7547
425872,482.638
426022,482.8858
426171,483.0584
426318,482.6862
426472,482.7131
426626,482.9047
426771,482.8809
426924,482.8232
427073,482.8184
427224,482.8757
427372,482.6993
427522,482.7044
427671,482.9327
427825,482.7799
427973,482.8754
428124,482.772
428271,482.7733
428423,483.0383
428574,482.9465
428728,482.847
428875,482.6395
429023,482.7236
429181,482.6965
429325,482.923
429475,482.9171
429630,482.8884
429776,482.8435
429926,482.5346
430074,482.4894
430228,482.5971
430374,482.6517
430527,481.9443
430676,482.364
430826,482.0732
430983,482.3392
431130,482.3756
431281,482.4161
431429,482.5929
431580,482.5132
431735,482.3964
431881,482.3988
432034,482.3778
432185,482.7384
432340,482.5043
432487,482.5252
432635,482.4247
432785,482.8075
432931,482.3251
433084,482.4124
433240,482.5739
433384,482.6086
433540,482.4961
433794,482.2119
433898,482.4144
434035,482.572
434188,482.5408
434337,482.5844
434488,482.2901
434636,482.3198
434787,482.413
434941,482.4014
435086,482.2822
435240,482.6061
435387,482.6334
435543,482.6623
435689,482.7172
435838,482.6948
435993,482.7062
436143,482.6152
436290,482.6214
436442,482.6845
436591,482.6021
436740,482.2938
436890,482.4872
437040,482.7324
437189,482.2468
437341,482.4165
437487,482.5689
437638,482.3206
437789,482.2639
437937,482.2578
438088,482.6234
438242,482.6016
438392,482.6761
438543,482.5974
438692,482.4237
438845,482.5694
438990,482.7635
439140,482.8007
439290,482.6705
439441,482.7695
439588,482.4238
439743,482.2717
439894,482.3122
440039,482.4679
440193,482.5194
440343,482.467
440498,482.6994
440640,482.7044
440791,482.7749
440941,482.3658
441097,482.711
441242,482.6573
441394,482.851
441548,482.5065
441699,482.1849
441846,482.8763
441994,482.9241
442147,482.9819
442297,482.6223
442447,482.6758
442594,482.6131
442746,482.5175
442898,482.5985
443055,482.4454
443198,482.7767
443354,482.8967
443503,482.7924
443648,482.6333
443803,482.0507
443952,482.35
444102,482.6204
444250,482.435
444401,482.5404
444552,482.7806
444823,482.3776
444924,482.641
445061,482.9177
445213,482.7314
445365,482.5339
445509,483.0539
445660,482.33
445816,482.2901
445964,482.0487
446112,482.167
446262,482.0888
446415,482.1544
446566,482.3914
446715,482.0767
446864,482.3588
447014,482.6008
447164,482.7818
447313,482.5634
447465,482.3085
447619,482.595
447762,482.5646
447917,482.5078
448066,482.4081
448217,482.489
448366,482.3422
448515,482.5168
448666,482.6344
448819,482.1743
448968,482.2966
449114,482.1209
449265,482.1881
449417,482.4606
449567,482.176
449713,482.0013
449867,482.2049
450016,482.4483
450166,482.2118
450317,482.0373
450465,482.1101
450616,482.1149
450765,482.3297
450916,482.3568
451065,482.2148
451216,482.5642
451366,482.5223
451516,482.0923
451667,482.0416
451817,482.0049
451965,481.9981
452116,481.9533
452264,482.582
452413,482.2931
452566,482.2089
452712,482.0781
452864,482.1555
453020,482.2937
453163,482.1953
453423,482.0061
453531,481.8767
453664,482.1268
453816,482.207
453968,482.3613
454116,482.5252
454265,482.0679
454419,481.7486
454569,481.9119
454723,482.1006
454867,482.1071
455019,482.0764
455174,482.18
455322,482.16
455473,482.3479
455620,482.2229
455772,482.0217
456041,481.9939
456144,482.0531
456281,481.9131
456430,481.9655
456583,481.8911
456736,481.9372
456883,482.2284
457034,482.2806
457182,482.0633
457331,482.0389
457479,481.9328
457629,481.9284
457783,481.7865
457936,481.9943
458087,482.1701
458232,482.2709
458384,482.2943
458534,482.2179
458690,481.9721
458834,481.9976
458983,482.1533
459133,482.4543
459288,482.0592
459433,482.3515
459589,482.2712
459735,482.3813
459890,481.9161
460038,482.3342
460191,482.2458
460336,482.2927
460482,482.2789
460631,481.8249
460787,481.9891
460937,481.9946
461087,482.0294
461235,482.2313
461383,482.1165
461535,482.2514
461686,482.1199
461833,482.2591
461985,482.1379
462136,482.4294
462284,482.3803
462440,482.042
462595,481.9964
462741,482.0652
462891,482.0863
463043,481.7969
463191,481.6307
463336,481.5379
463485,481.7483
463637,481.9202
463792,481.8209
463937,482.126
464089,481.8592
464240,481.9895
464388,482.3249
464538,482.4561
464688,482.2969
464842,482.3733
464990,482.1594
465140,481.9813
465297,481.9733
465441,482.3416
465595,482.2794
465745,482.0694
465893,481.942
466045,481.8872
466194,481.7481
466342,481.969
466495,482.0229
466642,481.9176
466790,481.7482
466940,481.8891
467093,481.8469
467249,481.8681
467391,481.9602
467543,481.8995
467701,482.4113
467846,482.4641
467994,482.081
468145,482.1114
468295,482.2507
468448,481.7898
468595,481.9148
468746,481.8497
468897,481.8983
469047,481.942
469197,482.0205
469347,481.8739
469496,481.9984
469646,482.2872
469794,482.2443
469946,482.158
470095,482.5539
470249,482.4993
470406,482.0852
470545,482.1237
470700,482.3772
470849,482.2627
470996,481.9123
471148,482.0082
471302,482.0904
471445,482.3029
471596,482.1765
471748,481.9359
471900,482.2823
472048,482.125
472199,482.2622
472347,481.9933
472500,482.1278
472647,482.028
472798,481.8858
472949,481.6648
473098,481.6894
473247,481.5968
473401,481.9179
473670,482.1587
473781,481.8735
473914,481.8351
474064,482.0348
474210,482.2912
474362,481.7608
474513,481.9256
474663,481.9446
474814,482.3549
474962,482.357
475121,482.2211
475267,481.9976
475416,481.9286
475571,482.0611
475720,482.3497
475867,481.9076
476016,481.7568
476169,482.0019
476319,482.3593
476579,482.316
476686,481.9736
476827,481.9255
476977,481.8477
477118,482.0364
477268,481.8291
477419,481.9976
477573,482.3338
477723,482.0357
477872,481.9243
478136,481.8518
478242,482.0341
478376,481.8689
478527,481.6012
478679,481.9921
478830,482.0576
478978,481.7843
479127,481.9972
479278,482.0219
479429,482.1559
479585,482.1831
479729,482.0204
479881,481.6349
480036,481.8312
480180,481.6702
480327,481.7263
480479,481.807
480631,481.9447
480783,482.1016
480929,482.1349
481080,481.7385
481234,481.7271
481382,481.8347
481531,481.6292
481685,481.8927
481830,482.1082
481979,481.8021
482130,481.9688
482277,481.8733
482432,481.9287
482579,481.4012
482731,481.7614
482877,481.7134
483027,481.7633
483174,481.7459
483326,481.8604
483479,481.8395
483630,482.0797
483777,482.0217
484027,481.5178
484131,481.4377
484268,481.8007
484415,481.7416
484570,481.651
484722,481.5941
484874,481.6614
485021,481.5156
485169,481.7729
485319,481.603
485471,481.4981
485620,481.3479
485770,481.4491
485917,481.4965
486070,481.6072
486223,481.6268
486382,481.5023
486520,481.8536
486671,481.6659
486821,481.5779
486971,481.4507
487128,481.4254
487277,481.4946
487426,481.338
487572,481.3101
487729,481.4954
487874,481.8402
488030,481.7103
488175,481.7907
488327,481.6568
488476,481.7982
488627,481.5449
488777,481.7004
488927,481.5828
489083,481.2976
489226,481.4429
489378,481.4945
489527,481.2827
489677,481.2496
489825,481.2057
489974,481.2939
490125,481.3286
490274,481.5535
490427,481.2817
490579,481.4181
490726,481.2886
490881,481.3323
491030,481.2969
491181,481.1557
491330,481.1984
491481,481.3983
491630,481.2975
491780,481.4589
491938,481.5858
492078,481.4099
492233,481.3999
492385,481.1752
492531,481.2153
492680,481.5349
492829,481.1674
492987,481.3996
493130,481.3519
493285,481.2885
493430,481.3905
493688,481.3226
493801,481.2098
493927,481.3115
494084,481.4917
494231,481.4878
494375,481.2325
494631,481.3269
494738,481.152
494869,481.0871
495021,481.0499
495170,481.0384
495330,481.0381
495472,481.2432
495620,481.1557
495775,481.2043
495923,481.3322
496074,481.2312
496227,481.4741
496376,481.1464
496526,481.1948
496676,480.9384
496826,480.9793
496975,480.9528
497123,480.8409
497283,481.023
497540,481.0521
497643,481.1325
497775,481.0628
497936,481.0795
498081,481.0552
498232,476.9249
498379,465.9634
498537,452.16
498685,438.1059
498840,423.9973
498987,410.5784
499136,397.7325
499288,385.433
499555,369.7351
499668,358.4101
499795,347.9485
499947,338.3533
500102,328.9384
500246,320.3556
500402,313.5032
500555,305.4285
500699,297.1689
500849,289.5752
501003,282.3294
501153,275.4224
501301,268.7938
501453,262.5655
501596,256.2854
501746,251.6996
501899,245.9777
502049,240.4249
502199,235.4999
502351,230.5826
502498,225.5644
502650,221.472
502798,216.8011
502949,213.1285
503098,208.7757
503248,205.5636
503398,201.7165
503547,197.9594
503706,193.9447
503846,190.3655
503997,187.2346
504148,183.9087
504306,180.7369
504450,177.8802
504604,175.3311
504753,172.6314
504904,169.9748
505049,167.1845
505204,164.6859
505353,162.1926
505499,159.7576
505653,157.4093
505802,154.8272
505955,152.7949
506220,150.0602
506331,147.7092
506464,146.1623
506612,144.55
506765,142.7848
506913,140.5814
507068,138.9081
507217,137.3062
507364,135.5098
507513,133.7499
507667,132.1806
507814,130.7187
507964,129.5005
508115,127.8392
508264,126.2641
508414,124.9409
508569,123.7212
508716,121.9965
508865,120.611
509020,119.5277
509170,118.0617
509314,116.8951
509470,115.5907
509616,114.5405
509771,113.4064
509915,111.9733
510070,111.0664
510220,109.8535
510368,108.8782
510520,108.0676
510674,106.8526
510820,105.6561
510968,104.8074
511118,103.7438
511270,103.2966
511420,102.5114
511577,101.6541
511720,100.5202
511872,99.6625
512020,98.708
512171,97.7318
512322,96.9089
512472,96.2745
512622,95.3948
512770,94.5929
512925,93.8562
513070,93.2693
513222,92.5833
513373,91.7237
513523,91.0028
513672,90.3466
513821,89.4355
513971,88.7744
514130,88.3832
514276,87.3311
514426,86.4657
514579,86.2025
514726,85.5645
514873,85.0526
515022,84.4471
515173,83.6398
515325,82.9906
515472,82.1405
515627,81.7033
515774,81.32
515926,80.5414
516072,79.9697
516224,79.8697
516374,79.2122
516521,78.5704
516673,78.0896
516824,77.4217
516983,76.981
517227,76.1983
517334,75.8576
517471,75.4459
517620,75.2634
517767,74.993
517918,74.1157
518070,73.7704
518220,73.3001
518369,72.7806
518520,72.467
518669,71.9249
518818,71.5191
518969,70.9405
519118,70.3765
519273,69.8317
519420,69.8052
519576,69.125
519725,68.7291
519873,68.8153
520022,67.95
520173,67.6571
520437,67.0063
520553,66.5948
520680,66.1323
520832,65.8711
520982,65.7512
521133,65.5214
521281,65.4478
521435,65.2554
521582,64.7933
521732,64.605
521885,64.4109
522036,63.9515
522184,63.725
522336,63.4649
522598,62.9136
522708,62.5682
522839,62.4067
522990,62.1857
523144,62.3048
523294,61.9186
523443,61.7033
523596,61.4335
523747,61.3693
523892,61.2685
524044,61.207
524194,61.2359
524345,60.9832
524496,61.0255
524650,61.3781
524797,61.1874
524943,61.3138
525096,61.037
525250,60.8785
525394,60.9273
525548,60.1027
525697,60.4644
525851,60.3393
526000,60.5052
526150,60.059
526309,60.6785
526453,60.498
526603,60.1587
526756,60.3726
527014,60.5181
527127,60.2113
527256,60.156
527410,60.0251
527561,60.2131
527709,60.0581
527858,60.0243
528010,59.9748
528164,59.9612
528311,59.9978
528461,59.7045
528613,59.7961
528762,59.8564
528911,59.5518
529062,59.8954
529213,59.7958
529482,60.0356
529590,59.7454
529724,59.48
529878,59.8617
530030,59.8004
530179,59.5556
530323,59.7371
530479,59.5648
530628,59.7351
530777,59.3395
530927,59.1564
531077,59.2223
531228,59.3705
531376,59.2826
531536,59.5128
531680,59.5135
531832,59.2087
531980,59.3444
532128,59.3084
532279,59.16
532428,59.0686
532579,59.0686
532729,59.1823
532882,59.3167
533031,58.8626
533181,58.6262
533331,58.5969
533478,58.8397
533753,58.8383
533864,58.949
533994,58.7748
534145,58.9145
534300,58.7305
534455,58.7382
534602,58.8615
534752,58.6911
534903,58.6249
